Security,SPY US Equity                                                   ,
Start Date,1/2/08 0:00,
End Date,4/20/18 0:00,
Period,D,
Currency,USD,
,,
Date,PX_LAST,PX_VOLUME
4/20/18,266.61,99953133
4/19/18,268.89,77655909
4/18/18,270.39,57303857
4/17/18,270.19,64682036
4/16/18,267.33,63405287
4/13/18,265.15,85079176
4/12/18,265.93,68890480
4/11/18,263.76,91140243
4/10/18,265.15,105573736
4/9/18,261,105442932
4/6/18,259.72,179521209
4/5/18,265.64,82652618
4/4/18,263.56,123715339
4/3/18,260.77,119956861
4/2/18,257.47,186286343
3/29/18,263.15,124244790
3/28/18,259.83,146452306
3/27/18,260.6,129941445
3/26/18,265.11,141956102
3/23/18,258.05,183534751
3/22/18,263.67,148785916
3/21/18,270.43,78709578
3/20/18,270.95,59757271
3/19/18,270.49,109208442
3/16/18,274.2,100343673
3/15/18,275,83433038
3/14/18,275.3,105895079
3/13/18,276.72,91968937
3/12/18,278.52,71924793
3/9/18,278.87,113625335
3/8/18,274.1,66901150
3/7/18,272.78,87063502
3/6/18,272.88,79213163
3/5/18,272.19,97307387
3/2/18,269.08,139083217
3/1/18,267.7,176855077
2/28/18,271.65,121907767
2/27/18,274.43,99099165
2/26/18,277.9,86491406
2/23/18,274.71,92766428
2/22/18,270.4,110511290
2/21/18,270.05,98883740
2/20/18,271.4,86369662
2/16/18,273.11,160420135
2/15/18,273.03,111200286
2/14/18,269.59,120735685
2/13/18,266,81223640
2/12/18,265.34,143735976
2/9/18,261.5,283565315
2/8/18,257.63,246449505
2/7/18,267.67,167376100
2/6/18,269.13,355026782
2/5/18,263.93,294681816
2/2/18,275.45,173174790
2/1/18,281.58,90102470
1/31/18,281.9,118948131
1/30/18,281.76,131796419
1/29/18,284.68,90118337
1/26/18,286.58,107743119
1/25/18,283.3,84587313
1/24/18,283.18,134816117
1/23/18,283.29,97084700
1/22/18,282.69,91322408
1/19/18,280.41,140920098
1/18/18,279.14,100728006
1/17/18,279.61,113258799
1/16/18,276.97,106555142
1/12/18,277.92,90816076
1/11/18,276.12,62361455
1/10/18,274.12,69574318
1/9/18,274.54,57253957
1/8/18,273.92,57319192
1/5/18,273.42,83523995
1/4/18,271.61,80636408
1/3/18,270.47,90070416
1/2/18,268.77,86655749
12/29/17,266.86,96007424
12/28/17,267.87,45116139
12/27/17,267.32,57750986
12/26/17,267.19,45244433
12/22/17,267.51,78720873
12/21/17,267.58,67032339
12/20/17,267.03,76751500
12/19/17,267.17,82382876
12/18/17,268.2,83653572
12/15/17,266.51,144610290
12/14/17,265.66,100666692
12/13/17,266.75,102905409
12/12/17,266.78,85195750
12/11/17,266.31,83077533
12/8/17,265.51,76563873
12/7/17,264.07,77218569
12/6/17,263.24,75898566
12/5/17,263.19,77994544
12/4/17,264.14,94040560
12/1/17,264.46,164390902
11/30/17,265.01,127894389
11/29/17,262.71,77512102
11/28/17,262.87,98971719
11/27/17,260.23,52274922
11/24/17,260.36,27856514
11/22/17,259.76,45033392
11/21/17,259.99,69176799
11/20/17,258.3,48075514
11/17/17,257.86,75756833
11/16/17,258.62,67777027
11/15/17,256.44,80811525
11/14/17,257.73,61315152
11/13/17,258.33,50228648
11/10/17,258.09,59984662
11/9/17,258.17,95085497
11/8/17,259.11,50469579
11/7/17,258.67,57502161
11/6/17,258.85,49652598
11/3/17,258.45,59589730
11/2/17,257.59,56449535
11/1/17,257.49,54202736
10/31/17,257.15,60304781
10/30/17,256.75,54285687
10/27/17,257.71,85562544
10/26/17,255.62,69797972
10/25/17,255.29,103715291
10/24/17,256.56,66935910
10/23/17,256.11,63915306
10/20/17,257.11,89176377
10/19/17,255.79,61903788
10/18/17,255.72,40888330
10/17/17,255.47,31560964
10/16/17,255.29,38221675
10/13/17,254.95,54800435
10/12/17,254.64,47065144
10/11/17,255.02,47674325
10/10/17,254.62,43057363
10/9/17,253.95,35803138
10/6/17,254.37,80645998
10/5/17,254.66,63522757
10/4/17,253.16,55953619
10/3/17,252.86,66810169
10/2/17,252.32,59022985
9/29/17,251.23,85578002
9/28/17,250.35,44778841
9/27/17,250.05,81001426
9/26/17,249.08,54081959
9/25/17,248.93,57064357
9/22/17,249.44,51214032
9/21/17,249.39,48211398
9/20/17,250.06,59574083
9/19/17,249.97,47108148
9/18/17,249.72,46235238
9/15/17,249.19,95432382
9/14/17,250.09,95446349
9/13/17,250.17,59228002
9/12/17,250.05,56896027
9/11/17,249.21,71364848
9/8/17,246.58,63832825
9/7/17,246.87,58034730
9/6/17,246.9,57916867
9/5/17,246.06,91398777
9/1/17,247.84,62006989
8/31/17,247.49,103803880
8/30/17,246.01,62030805
8/29/17,244.85,51135715
8/28/17,244.57,40565606
8/25/17,244.56,64445912
8/24/17,243.99,50741671
8/23/17,244.56,50203837
8/22/17,245.44,63140101
8/21/17,242.9,65469736
8/18/17,242.71,136747986
8/17/17,243.09,128490396
8/16/17,246.94,56715544
8/15/17,246.51,55242746
8/14/17,246.54,73291919
8/11/17,244.12,74869947
8/10/17,243.76,120479470
8/9/17,247.25,62632619
8/8/17,247.26,61719353
8/7/17,247.87,31995021
8/4/17,247.41,60191838
8/3/17,246.96,40855997
8/2/17,247.44,47211216
8/1/17,247.32,55050401
7/31/17,246.77,65838659
7/28/17,246.91,50088359
7/27/17,247.2,70766568
7/26/17,247.43,47575422
7/25/17,247.42,54915591
7/24/17,246.82,46622256
7/21/17,246.88,88711019
7/20/17,247.1,47135183
7/19/17,246.99,51034260
7/18/17,245.66,42742498
7/17/17,245.53,33531917
7/14/17,245.56,60262692
7/13/17,244.42,39471637
7/12/17,244.01,59610405
7/11/17,242.19,50354614
7/10/17,242.37,36663274
7/7/17,242.11,57972268
7/6/17,240.55,66115317
7/5/17,242.77,54427596
7/3/17,242.21,39153806
6/30/17,241.8,86820694
6/29/17,241.35,106949719
6/28/17,243.49,70042599
6/27/17,241.33,82247666
6/26/17,243.29,56700477
6/23/17,243.13,66986801
6/22/17,242.84,44148059
6/21/17,242.95,55977569
6/20/17,243.01,56906368
6/19/17,244.66,65123802
6/16/17,242.64,84553097
6/15/17,243.77,66464888
6/14/17,244.24,78602311
6/13/17,244.55,60066953
6/12/17,243.36,86108102
6/9/17,243.41,132256362
6/8/17,243.78,65950691
6/7/17,243.66,54144311
6/6/17,243.21,50375430
6/5/17,243.99,44698825
6/2/17,244.17,88666128
6/1/17,243.36,68962024
5/31/17,241.44,91796016
5/30/17,241.5,35201897
5/26/17,241.71,46629905
5/25/17,241.76,64071661
5/24/17,240.61,49181099
5/23/17,240.05,48341683
5/22/17,239.52,61010602
5/19/17,238.31,115011373
5/18/17,236.77,107047656
5/17/17,235.82,172174107
5/16/17,240.08,51241791
5/15/17,240.3,61918937
5/12/17,238.98,53912730
5/11/17,239.38,62358346
5/10/17,239.87,54293799
5/9/17,239.44,51363200
5/8/17,239.66,48385730
5/5/17,239.7,62001269
5/4/17,238.76,61462732
5/3/17,238.48,73137731
5/2/17,238.77,57375732
5/1/17,238.68,66882521
4/28/17,238.08,63532845
4/27/17,238.6,57410326
4/26/17,238.4,84702455
4/25/17,238.55,76698265
4/24/17,237.17,119209877
4/21/17,234.59,110389847
4/20/17,235.34,92572186
4/19/17,233.44,68699868
4/18/17,233.87,83225821
4/17/17,234.57,68405367
4/13/17,232.51,92880394
4/12/17,234.03,81864436
4/11/17,235.06,88045276
4/10/17,235.34,67615302
4/7/17,235.2,74412311
4/6/17,235.44,69135757
4/5/17,234.78,108800604
4/4/17,235.48,56466195
4/3/17,235.33,85546486
3/31/17,235.74,73733094
3/30/17,236.29,56737890
3/29/17,235.54,61950354
3/28/17,235.32,93483915
3/27/17,233.62,87454452
3/24/17,233.86,112504853
3/23/17,234.03,100410277
3/22/17,234.28,97569204
3/21/17,233.73,131809275
3/20/17,236.77,52536979
3/17/17,237.03,89002111
3/16/17,238.48,78343951
3/15/17,238.95,96081750
3/14/17,236.9,59880778
3/13/17,237.81,57256824
3/10/17,237.69,81991652
3/9/17,236.86,90683918
3/8/17,236.56,78168795
3/7/17,237,65103737
3/6/17,237.71,55391533
3/3/17,238.42,81974300
3/2/17,238.27,70245978
3/1/17,239.78,149158170
2/28/17,236.47,96961938
2/27/17,237.11,56515440
2/24/17,236.74,82381612
2/23/17,236.44,74615902
2/22/17,236.28,62115185
2/21/17,236.49,88946051
2/17/17,235.09,77204104
2/16/17,234.72,84722437
2/15/17,234.92,86785826
2/14/17,233.7,71108983
2/13/17,232.77,55182050
2/10/17,231.51,66015892
2/9/17,230.6,65955245
2/8/17,229.24,51566218
2/7/17,228.94,57931151
2/6/17,228.93,57790108
2/3/17,229.34,80563168
2/2/17,227.77,69657560
2/1/17,227.62,79117651
1/31/17,227.53,75880805
1/30/17,227.55,79737252
1/27/17,228.97,59711118
1/26/17,229.33,59970719
1/25/17,229.57,84437712
1/24/17,227.6,95555295
1/23/17,226.15,75061645
1/20/17,226.74,129168623
1/19/17,225.91,66608787
1/18/17,226.75,54793302
1/17/17,226.25,61240814
1/13/17,227.05,62717865
1/12/17,226.53,72113181
1/11/17,227.1,74650016
1/10/17,226.46,63771939
1/9/17,226.46,46939676
1/6/17,227.21,71559922
1/5/17,226.4,78379012
1/4/17,226.58,78744433
1/3/17,225.24,91366522
12/30/16,223.53,108998328
12/29/16,224.35,48696080
12/28/16,224.4,64095014
12/27/16,226.27,42672487
12/23/16,225.71,36697822
12/22/16,225.38,56219071
12/21/16,225.77,67909039
12/20/16,226.4,89838810
12/19/16,225.53,90341147
12/16/16,225.04,156420152
12/15/16,226.81,124972554
12/14/16,225.88,142501812
12/13/16,227.76,110477485
12/12/16,226.25,102016125
12/9/16,226.51,88005766
12/8/16,225.15,99714387
12/7/16,224.6,110738050
12/6/16,221.7,59877377
12/5/16,221,67837821
12/2/16,219.68,74840347
12/1/16,219.57,79040487
11/30/16,220.38,113291793
11/29/16,220.91,69886690
11/28/16,220.48,76572511
11/25/16,221.52,37872255
11/23/16,220.7,56620237
11/22/16,220.58,67428957
11/21/16,220.15,72402638
11/18/16,218.5,86265751
11/17/16,218.99,69797191
11/16/16,217.87,65617697
11/15/16,218.28,91652580
11/14/16,216.59,94579982
11/11/16,216.42,100552732
11/10/16,216.92,172113313
11/9/16,216.379,258428972
11/8/16,214.11,106772138
11/7/16,213.15,109794861
11/4/16,208.55,109122059
11/3/16,208.78,88939346
11/2/16,209.74,103330806
11/1/16,211.01,122781818
10/31/16,212.55,61272507
10/28/16,212.54,140623183
10/27/16,213.17,77220213
10/26/16,213.74,75705478
10/25/16,214.17,66542329
10/24/16,214.89,60146592
10/21/16,213.98,89089092
10/20/16,213.88,73639830
10/19/16,214.28,66519224
10/18/16,213.71,76869656
10/17/16,212.38,58275674
10/14/16,213.12,93346237
10/13/16,213.01,101356960
10/12/16,213.71,73866117
10/11/16,213.43,130367373
10/10/16,216.16,51855023
10/7/16,215.04,89788255
10/6/16,215.78,62927376
10/5/16,215.63,72815963
10/4/16,214.68,119948052
10/3/16,215.78,83512057
9/30/16,216.3,117202914
9/29/16,214.68,128070615
9/28/16,216.64,87411015
9/27/16,215.57,78494829
9/26/16,214.24,89827305
9/23/16,215.99,73630921
9/22/16,217.18,76678713
9/21/16,215.82,110284425
9/20/16,213.42,69665279
9/19/16,213.41,80250490
9/16/16,213.37,155236354
9/15/16,215.28,145736123
9/14/16,213.15,134185491
9/13/16,213.23,182828839
9/12/16,216.34,168110913
9/9/16,213.28,221589073
9/8/16,218.51,74102880
9/7/16,219.01,76554855
9/6/16,219.031,56702089
9/2/16,218.37,79293856
9/1/16,217.39,97844207
8/31/16,217.38,85269453
8/30/16,218,58114543
8/29/16,218.361,70502167
8/26/16,217.29,122506348
8/25/16,217.7,69224776
8/24/16,217.85,71728949
8/23/16,218.97,53399159
8/22/16,218.53,61368766
8/19/16,218.54,75443004
8/18/16,218.86,52989266
8/17/16,218.37,75134339
8/16/16,217.96,53213621
8/15/16,219.09,49813482
8/12/16,218.46,61313544
8/11/16,218.65,72504270
8/10/16,217.64,57941092
8/9/16,218.18,51251728
8/8/16,218.05,39906479
8/5/16,218.18,71892161
8/4/16,216.41,46585528
8/3/16,216.18,53993626
8/2/16,215.549,92295506
8/1/16,216.94,73311422
7/29/16,217.12,79519436
7/28/16,216.77,65035718
7/27/16,216.52,84083893
7/26/16,216.75,70080493
7/25/16,216.65,55873147
7/22/16,217.24,62787477
7/21/16,216.265,67777310
7/20/16,217.085,58159457
7/19/16,216.19,54345728
7/18/16,216.409,58725918
7/15/16,215.83,107155401
7/14/16,216.12,91230870
7/13/16,214.92,87324129
7/12/16,214.95,101275629
7/11/16,213.4,73633937
7/8/16,212.65,133970972
7/7/16,209.526,85521425
7/6/16,209.66,96021491
7/5/16,208.41,109803713
7/1/16,209.921,106055333
6/30/16,209.475,165021948
6/29/16,206.66,137328614
6/28/16,203.2,159382399
6/27/16,199.6,248988660
6/24/16,203.13,333444397
6/23/16,210.81,102731356
6/22/16,208.1,95560471
6/21/16,208.44,72461663
6/20/16,207.85,82789603
6/17/16,206.52,117055748
6/16/16,208.37,149533065
6/15/16,207.75,109124496
6/14/16,208.04,125059286
6/13/16,208.449,117751153
6/10/16,210.07,113829158
6/9/16,212.08,73786869
6/8/16,212.37,66170920
6/7/16,211.68,60974761
6/6/16,211.35,64887045
6/3/16,210.28,101757126
6/2/16,210.91,63044749
6/1/16,210.27,69936215
5/31/16,209.84,109879380
5/27/16,210.24,64211214
5/26/16,209.34,55280699
5/25/16,209.28,79221525
5/24/16,207.87,93537808
5/23/16,205.21,58682576
5/20/16,205.49,104990408
5/19/16,204.2,115430507
5/18/16,204.91,123493379
5/17/16,204.851,114924940
5/16/16,206.78,77486827
5/13/16,204.76,96474630
5/12/16,206.56,89586308
5/11/16,206.5,81726989
5/10/16,208.45,77472207
5/9/16,205.889,74374922
5/6/16,205.72,89315004
5/5/16,204.97,67619222
5/4/16,205.01,92243810
5/3/16,206.159,106422142
5/2/16,207.97,62188015
4/29/16,206.331,142424137
4/28/16,207.447,97216169
4/27/16,209.35,77329437
4/26/16,208.919,75864174
4/25/16,208.61,66166494
4/22/16,208.97,99251724
4/21/16,208.97,85695041
4/20/16,210.1,81100314
4/19/16,209.9,88316060
4/18/16,209.239,82530960
4/15/16,207.78,75761615
4/14/16,208.01,65212883
4/13/16,208.001,96336433
4/12/16,205.92,115350567
4/11/16,204.02,83757486
4/8/16,204.499,95040598
4/7/16,203.95,113859037
4/6/16,206.42,91839761
4/5/16,204.189,99662158
4/4/16,206.25,63496969
4/1/16,206.92,114423478
3/31/16,205.52,94584110
3/30/16,206.02,86365310
3/29/16,205.121,92922863
3/28/16,203.24,62408185
3/24/16,203.12,84360853
3/23/16,203.209,81052455
3/22/16,204.56,97471939
3/21/16,204.67,72926659
3/18/16,204.38,138372404
3/17/16,204.63,134278505
3/16/16,203.34,129303179
3/15/16,202.17,93169090
3/14/16,202.5,73611974
3/11/16,202.76,137964528
3/10/16,199.54,156838697
3/9/16,199.38,94801213
3/8/16,198.4,123974866
3/7/16,200.59,100218998
3/4/16,200.43,129293601
3/3/16,199.775,95172197
3/2/16,199,102414960
3/1/16,198.11,141799687
2/29/16,193.56,125918102
2/26/16,195.089,129833663
2/25/16,195.54,110728317
2/24/16,193.2,150812152
2/23/16,192.32,111455289
2/22/16,194.78,103640292
2/19/16,192,114792988
2/18/16,192.09,102342997
2/17/16,192.88,136009496
2/16/16,189.78,120250668
2/12/16,186.63,127632393
2/11/16,182.86,219058885
2/10/16,185.27,148214057
2/9/16,185.43,184513136
2/8/16,185.42,191526694
2/5/16,187.95,180788308
2/4/16,191.6,139531794
2/3/16,191.3,205054934
2/2/16,190.16,182564890
2/1/16,193.65,136061564
1/29/16,193.721,210529336
1/28/16,189.11,143798780
1/27/16,188.13,185681707
1/26/16,190.2,141036757
1/25/16,187.64,130371686
1/22/16,190.52,168319598
1/21/16,186.69,195772941
1/20/16,185.65,286547839
1/19/16,188.06,195244373
1/15/16,187.81,324846447
1/14/16,191.93,240795609
1/13/16,188.83,221168886
1/12/16,193.661,172330490
1/11/16,192.11,187941323
1/8/16,191.923,209817228
1/7/16,194.05,213436073
1/6/16,198.82,152112604
1/5/16,201.36,110845849
1/4/16,201.019,222353534
12/31/15,203.87,114877859
12/30/15,205.93,63317679
12/29/15,207.4,92640672
12/28/15,205.21,65899939
12/24/15,205.68,48542150
12/23/15,206.02,110987228
12/22/15,203.5,111026246
12/21/15,201.67,99094290
12/18/15,200.021,251393535
12/17/15,204.86,173092476
12/16/15,208.03,197017008
12/15/15,205.031,153067719
12/14/15,202.901,182385177
12/11/15,201.88,211173305
12/10/15,205.87,116128884
12/9/15,205.34,162401537
12/8/15,206.949,103372367
12/7/15,208.35,102027111
12/4/15,209.62,192913879
12/3/15,205.61,166224154
12/2/15,208.529,108441259
12/1/15,210.68,97858418
11/30/15,208.69,112822700
11/27/15,209.56,37317779
11/25/15,209.32,51980062
11/24/15,209.35,98874365
11/23/15,209.07,64931172
11/20/15,209.311,94011519
11/19/15,208.55,88220465
11/18/15,208.73,121342544
11/17/15,205.47,121123744
11/16/15,205.62,117645231
11/13/15,202.54,153577050
11/12/15,204.84,121315200
11/11/15,207.74,67845971
11/10/15,208.56,75874602
11/9/15,208.08,131008660
11/6/15,210.04,110471473
11/5/15,210.15,78408744
11/4/15,210.36,96224477
11/3/15,211,95246052
11/2/15,210.39,86270811
10/30/15,207.93,131076942
10/29/15,208.83,90525498
10/28/15,208.95,135906725
10/27/15,206.6,77905770
10/26/15,207,69032965
10/23/15,207.51,144442340
10/22/15,205.26,174911723
10/21/15,201.85,102038033
10/20/15,203.09,78448484
10/19/15,203.37,76523897
10/16/15,203.27,114580052
10/15/15,202.35,134142195
10/14/15,199.29,99106161
10/13/15,200.25,88038718
10/12/15,201.52,56395585
10/9/15,201.33,107069240
10/8/15,201.21,153055231
10/7/15,199.41,124307295
10/6/15,197.79,110274530
10/5/15,198.47,126320842
10/2/15,195,211003342
10/1/15,192.13,131078964
9/30/15,191.63,163452044
9/29/15,188.12,159045572
9/28/15,188.01,178515871
9/25/15,192.85,155054777
9/24/15,192.9,159378840
9/23/15,193.6,92790620
9/22/15,193.91,153890876
9/21/15,196.46,105726209
9/18/15,195.45,223657456
9/17/15,199.73,276046618
9/16/15,200.18,99581557
9/15/15,198.46,113806176
9/14/15,196.01,79451983
9/11/15,196.74,119691212
9/10/15,195.85,158611063
9/9/15,194.79,149347735
9/8/15,197.43,116025739
9/4/15,192.59,207080961
9/3/15,195.55,152087836
9/2/15,195.41,160269331
9/1/15,191.77,256000392
8/31/15,197.67,163298816
8/28/15,199.28,160414352
8/27/15,199.27,274143906
8/26/15,194.46,339256986
8/25/15,187.27,369833071
8/24/15,189.5,507244333
8/21/15,197.83,346588469
8/20/15,203.97,194327884
8/19/15,208.32,172945975
8/18/15,209.98,71692678
8/17/15,210.59,79072643
8/14/15,209.42,72786528
8/13/15,208.66,89383253
8/12/15,208.92,172123672
8/11/15,208.67,126081377
8/10/15,210.57,80270676
8/7/15,207.95,117857956
8/6/15,208.35,116030803
8/5/15,210.07,85786817
8/4/15,209.38,81820823
8/3/15,209.79,113965728
7/31/15,210.5,103266857
7/30/15,210.82,91304374
7/29/15,210.77,105791255
7/28/15,209.33,123544845
7/27/15,206.79,132361082
7/24/15,208,117754979
7/23/15,210.18,90509128
7/22/15,211.37,88667920
7/21/15,211.75,77965048
7/20/15,212.59,70446821
7/17/15,212.48,89029973
7/16/15,212.3,106683266
7/15/15,210.61,97914141
7/14/15,210.68,81709575
7/13/15,209.77,106069400
7/10/15,207.48,129456890
7/9/15,204.9,144113107
7/8/15,204.53,164020059
7/7/15,208.02,173820249
7/6/15,206.72,117975369
7/2/15,207.31,104373652
7/1/15,207.5,135979873
6/30/15,205.85,182925106
6/29/15,205.42,202621332
6/26/15,209.82,104174840
6/25/15,209.86,97107361
6/24/15,210.5,92307318
6/23/15,212.04,68476797
6/22/15,211.89,70696027
6/19/15,210.81,130478689
6/18/15,212.78,165867949
6/17/15,210.59,126708635
6/16/15,210.25,85308227
6/15/15,209.11,124384184
6/12/15,210.01,135382369
6/11/15,211.63,73876447
6/10/15,210.95,134551285
6/9/15,208.45,105034690
6/8/15,208.48,89063330
6/5/15,209.77,121704676
6/4/15,210.129,151882820
6/3/15,211.92,87820909
6/2/15,211.36,91531012
6/1/15,211.57,93338750
5/29/15,211.14,124919611
5/28/15,212.46,74974560
5/27/15,212.7,93213981
5/26/15,210.7,124308584
5/22/15,212.99,57433495
5/21/15,213.5,64764585
5/20/15,212.88,76857530
5/19/15,213.03,72114610
5/18/15,213.1,74549685
5/15/15,212.44,76510099
5/14/15,212.21,95934006
5/13/15,210.02,94667943
5/12/15,209.98,119727592
5/11/15,210.605,75708065
5/8/15,211.62,155877260
5/7/15,208.87,88244940
5/6/15,208.04,135060151
5/5/15,208.9,113326156
5/4/15,211.32,70927235
5/1/15,210.72,103399711
4/30/15,208.46,161304890
4/29/15,210.57,125684903
4/28/15,211.44,86863531
4/27/15,210.77,79358126
4/24/15,211.65,61327387
4/23/15,211.16,102585942
4/22/15,210.63,78264616
4/21/15,209.6,72559831
4/20/15,209.85,92189481
4/17/15,207.95,191113230
4/16/15,210.37,68934864
4/15/15,210.43,99529320
4/14/15,209.49,75099866
4/13/15,209.09,74436594
4/10/15,210.04,72722915
4/9/15,208.9,85548854
4/8/15,207.975,89351939
4/7/15,207.28,81236337
4/6/15,207.83,114368155
4/2/15,206.435,86900906
4/1/15,205.7,137303584
3/31/15,206.43,126768703
3/30/15,208.25,96180365
3/27/15,205.74,118938966
3/26/15,205.27,153067241
3/25/15,205.76,159521708
3/24/15,208.82,77805321
3/23/15,210,71784536
3/20/15,210.41,177715081
3/19/15,209.5,117917302
3/18/15,210.46,228808524
3/17/15,207.96,94510422
3/16/15,208.58,136099192
3/13/15,205.827,162410893
3/12/15,207.1,93993523
3/11/15,204.5,110145718
3/10/15,204.98,157121263
3/9/15,208.36,89818893
3/6/15,207.5,188127982
3/5/15,210.46,76872957
3/4/15,210.23,114497192
3/3/15,211.12,110325809
3/2/15,211.99,87491428
2/27/15,210.66,108075972
2/26/15,211.38,72697868
2/25/15,211.63,73061687
2/24/15,211.81,72472263
2/23/15,211.209,74411054
2/20/15,211.239,140896392
2/19/15,209.98,91462491
2/18/15,210.13,80652941
2/17/15,210.11,76968199
2/13/15,209.78,93670430
2/12/15,208.92,97545949
2/11/15,206.93,91087785
2/10/15,206.81,96164183
2/9/15,204.63,87219016
2/6/15,205.55,125672026
2/5/15,206.12,97953181
2/4/15,204.06,134306728
2/3/15,204.84,124212881
2/2/15,201.92,163106969
1/30/15,199.45,197729724
1/29/15,201.99,173585424
1/28/15,200.14,168514312
1/27/15,202.74,134044598
1/26/15,205.45,92009711
1/23/15,204.97,117516753
1/22/15,206.1,174356029
1/21/15,203.08,122942707
1/20/15,202.055,130991069
1/16/15,201.63,211879605
1/15/15,199.02,176613906
1/14/15,200.86,192991092
1/13/15,202.08,214553306
1/12/15,202.65,144396067
1/9/15,204.25,158567288
1/8/15,205.9,147217784
1/7/15,202.31,125346709
1/6/15,199.82,209151408
1/5/15,201.72,169632646
1/2/15,205.43,121465865
12/31/14,205.54,130333829
12/30/14,207.6,73540761
12/29/14,208.72,79643948
12/26/14,208.44,57326703
12/24/14,207.77,42963399
12/23/14,207.75,122167931
12/22/14,207.47,148318934
12/19/14,206.52,245084590
12/18/14,206.78,257633887
12/17/14,201.79,253910092
12/16/14,197.91,259543848
12/15/14,199.51,189965750
12/12/14,200.89,202330191
12/11/14,204.19,159012805
12/10/14,203.16,159856394
12/9/14,206.47,125180054
12/8/14,206.61,108588152
12/5/14,208,91025470
12/4/14,207.66,91316591
12/3/14,207.89,68951968
12/2/14,207.085,74507192
12/1/14,205.76,103968354
11/28/14,207.2,57890088
11/26/14,207.64,62167832
11/25/14,207.11,79108301
11/24/14,207.26,65880759
11/21/14,206.68,142327285
11/20/14,205.58,72840326
11/19/14,205.22,82373009
11/18/14,205.55,76068107
11/17/14,204.37,80440954
11/14/14,204.24,80417514
11/13/14,204.19,85357918
11/12/14,203.96,90120295
11/11/14,204.175,54499375
11/10/14,203.98,66318964
11/7/14,203.34,89539712
11/6/14,203.15,107089076
11/5/14,202.34,91708574
11/4/14,201.07,93342777
11/3/14,201.77,93734143
10/31/14,201.66,146902554
10/30/14,199.38,113329976
10/29/14,198.11,142557417
10/28/14,198.41,106735936
10/27/14,196.16,82953689
10/24/14,196.43,117927286
10/23/14,194.93,154944169
10/22/14,192.69,151822409
10/21/14,194.07,154948579
10/20/14,190.3,130010813
10/17/14,188.47,214624921
10/16/14,186.27,270391488
10/15/14,186.43,380714598
10/14/14,187.7,215846527
10/13/14,187.41,230938833
10/10/14,190.54,221908954
10/9/14,192.74,210704601
10/8/14,196.64,186461453
10/7/14,193.26,147913498
10/6/14,196.29,104778335
10/3/14,196.52,121568769
10/2/14,194.38,157285182
10/1/14,194.35,177797862
9/30/14,197.02,131302082
9/29/14,197.54,95111605
9/26/14,197.9,103546740
9/25/14,196.34,150300028
9/24/14,199.56,107275635
9/23/14,198.01,111393319
9/22/14,199.15,125552758
9/19/14,200.7,121649147
9/18/14,201.82,94990300
9/17/14,200.75,151265896
9/16/14,200.48,116200722
9/15/14,198.981,76401421
9/12/14,199.13,117478516
9/11/14,200.3,66823558
9/10/14,200.07,67251103
9/9/14,199.32,88590876
9/8/14,200.59,64145745
9/5/14,201.11,102176784
9/4/14,200.21,85236442
9/3/14,200.5,57461742
9/2/14,200.61,72425793
8/29/14,200.71,65906598
8/28/14,200.14,58330373
8/27/14,200.25,47873708
8/26/14,200.33,47298324
8/25/14,200.2,63855022
8/22/14,199.19,76107359
8/21/14,199.5,67790690
8/20/14,198.92,72762541
8/19/14,198.39,59134709
8/18/14,197.36,75424360
8/15/14,195.72,139950669
8/14/14,195.76,57370793
8/13/14,194.84,69046544
8/12/14,193.53,73631640
8/11/14,193.795,74543691
8/8/14,193.24,117014384
8/7/14,191.03,135733421
8/6/14,192.07,94818317
8/5/14,192.01,152690379
8/4/14,193.89,91340487
8/1/14,192.5,189260864
7/31/14,193.09,183479441
7/30/14,196.98,104222452
7/29/14,196.95,80466351
7/28/14,197.8,69258785
7/25/14,197.72,76837257
7/24/14,198.65,56888093
7/23/14,198.64,65611830
7/22/14,198.2,67677602
7/21/14,197.34,67591618
7/18/14,197.71,124330419
7/17/14,195.71,145398459
7/16/14,197.96,80073242
7/15/14,197.23,111346230
7/14/14,197.6,58657919
7/11/14,196.61,64243410
7/10/14,196.34,99040407
7/9/14,197.12,72992322
7/8/14,196.24,108142552
7/7/14,197.51,61696447
7/3/14,198.2,52938832
7/2/14,197.23,52474832
7/1/14,197.03,90470121
6/30/14,195.72,70504228
6/27/14,195.82,71453616
6/26/14,195.44,84311822
6/25/14,195.58,82781912
6/24/14,194.7,96236917
6/23/14,195.88,70611486
6/20/14,195.94,100587108
6/19/14,196.48,85928920
6/18/14,196.255,105266767
6/17/14,194.83,84833876
6/16/14,194.29,87424332
6/13/14,194.13,82017278
6/12/14,193.54,106350200
6/11/14,194.92,68772479
6/10/14,195.6,57129440
6/9/14,195.58,65118828
6/6/14,195.375,78696219
6/5/14,194.45,92102592
6/4/14,193.19,55529372
6/3/14,192.8,65047193
6/2/14,192.895,64655648
5/30/14,192.68,76315640
5/29/14,192.37,64376573
5/28/14,191.38,66722865
5/27/14,191.52,72010355
5/23/14,190.35,60156088
5/22/14,189.59,61549345
5/21/14,189.13,89093285
5/20/14,187.55,111644478
5/19/14,188.74,63839398
5/16/14,188.05,97457678
5/15/14,187.4,154956399
5/14/14,189.06,72366848
5/13/14,189.96,66453965
5/12/14,189.785,86940045
5/9/14,187.96,83678568
5/8/14,187.675,93617513
5/7/14,187.88,106500480
5/6/14,186.78,85454226
5/5/14,188.42,75882739
5/2/14,188.06,98121662
5/1/14,188.325,93019095
4/30/14,188.31,101507717
4/29/14,187.75,84097551
4/28/14,186.875,135121094
4/25/14,186.29,100380205
4/24/14,187.83,88169916
4/23/14,187.45,73869384
4/22/14,187.89,85790307
4/21/14,187.04,68329343
4/17/14,186.39,105254649
4/16/14,186.125,105196633
4/15/14,184.2,157092533
4/14/14,182.94,132381601
4/11/14,181.51,167250792
4/10/14,183.155,172959331
4/9/14,187.09,100253612
4/8/14,185.1,112659755
4/7/14,184.34,140802699
4/4/14,186.4,169380705
4/3/14,188.63,77435320
4/2/14,188.88,78773818
4/1/14,188.25,89193125
3/31/14,187.01,99744911
3/28/14,185.49,101641547
3/27/14,184.58,142382757
3/26/14,184.97,119842897
3/25/14,186.31,103851737
3/24/14,185.43,121411145
3/21/14,186.2,163127905
3/20/14,187.747,117240972
3/19/14,186.66,176267253
3/18/14,187.66,101804519
3/17/14,186.33,98359454
3/14/14,184.66,153919598
3/13/14,185.18,155014237
3/12/14,187.28,104824323
3/11/14,187.23,99009013
3/10/14,188.16,74939176
3/7/14,188.26,114513432
3/6/14,188.18,82516500
3/5/14,187.75,88376859
3/4/14,187.58,167545852
3/3/14,184.98,167748455
2/28/14,186.29,150842000
2/27/14,185.82,93880780
2/26/14,184.85,98677144
2/25/14,184.84,117084901
2/24/14,184.91,114063868
2/21/14,183.89,118116359
2/20/14,184.1,104998099
2/19/14,183.02,126524261
2/18/14,184.24,80460878
2/14/14,184.02,96498305
2/13/14,183.01,100542155
2/12/14,182.07,94717638
2/11/14,181.98,117814009
2/10/14,180.01,92218729
2/7/14,179.68,170787197
2/6/14,177.48,132877526
2/5/14,175.17,164230470
2/4/14,175.385,165012351
2/3/14,174.17,254837004
1/31/14,178.18,194677861
1/30/14,179.23,118938051
1/29/14,177.35,216597269
1/28/14,179.07,110463152
1/27/14,178.01,180843004
1/24/14,178.89,208677093
1/23/14,182.79,132496880
1/22/14,184.3,61270816
1/21/14,184.18,88621138
1/17/14,183.635,107848616
1/16/14,184.42,72290520
1/15/14,184.66,98525721
1/14/14,183.67,105016055
1/13/14,181.685,149891938
1/10/14,184.14,102026318
1/9/14,183.64,90683302
1/8/14,183.52,96582234
1/7/14,183.48,86144169
1/6/14,182.36,108028139
1/3/14,182.885,81390502
1/2/14,182.92,119636836
12/31/13,184.69,86247638
12/30/13,183.82,56857458
12/27/13,183.845,61813841
12/26/13,183.855,63365227
12/24/13,182.93,45368841
12/23/13,182.53,85597541
12/20/13,181.56,197086908
12/19/13,181.49,136298872
12/18/13,181.7,234906482
12/17/13,178.65,89886224
12/16/13,179.216,96194790
12/13/13,178.11,107807610
12/12/13,178.13,115564840
12/11/13,178.72,130590810
12/10/13,180.75,80976207
12/9/13,181.4,70123608
12/6/13,180.94,127727518
12/5/13,178.94,106934067
12/4/13,179.73,123032637
12/3/13,179.75,116563302
12/2/13,180.53,99725781
11/29/13,181,55870903
11/27/13,181.12,58800056
11/26/13,180.68,86993560
11/25/13,180.63,79196692
11/22/13,180.81,81295887
11/21/13,179.91,92841271
11/20/13,178.47,124908601
11/19/13,179.03,93891416
11/18/13,179.42,104796009
11/15/13,180.05,102818190
11/14/13,179.27,103435238
11/13/13,178.38,103844266
11/12/13,176.96,83989617
11/11/13,177.32,62614326
11/8/13,177.29,136712623
11/7/13,174.93,157000422
11/6/13,177.17,87347728
11/5/13,176.27,85824778
11/4/13,176.83,85676773
11/1/13,176.21,142805050
10/31/13,175.79,133795417
10/30/13,176.29,140001834
10/29/13,177.17,87401344
10/28/13,176.23,84979018
10/25/13,175.95,93625090
10/24/13,175.15,70350456
10/23/13,174.57,105484397
10/22/13,175.41,126663233
10/21/13,174.4,104103543
10/18/13,174.388,138315691
10/17/13,173.22,129389185
10/16/13,172.07,161676079
10/15/13,169.7,155484509
10/14/13,170.94,112106394
10/11/13,170.26,105039740
10/10/13,169.17,195954729
10/9/13,165.6,168972837
10/8/13,165.48,178014932
10/7/13,167.43,96295115
10/4/13,168.89,96878377
10/3/13,167.62,176698430
10/2/13,169.18,113349748
10/1/13,169.34,127160442
9/30/13,168.01,143937398
9/27/13,168.909,99141710
9/26/13,169.69,77146878
9/25/13,169.04,117306473
9/24/13,169.53,106333010
9/23/13,169.93,104616418
9/20/13,170.72,132867912
9/19/13,172.76,146616842
9/18/13,173.051,203460601
9/17/13,171.07,82523205
9/16/13,170.31,126187482
9/13/13,169.33,72727764
9/12/13,168.95,83208998
9/11/13,169.4,94545837
9/10/13,168.87,105847733
9/9/13,167.634,87559246
9/6/13,166.04,159756439
9/5/13,165.96,63090428
9/4/13,165.75,97389357
9/3/13,164.39,142375036
8/30/13,163.65,134928918
8/29/13,164.17,119200461
8/28/13,163.91,108112952
8/27/13,163.33,158621736
8/26/13,166,89705051
8/23/13,166.62,90893581
8/22/13,166.06,101471352
8/21/13,164.56,159530482
8/20/13,165.58,89294374
8/19/13,164.77,96437569
8/16/13,165.83,130868145
8/15/13,166.38,152931740
8/14/13,168.74,79829169
8/13/13,169.61,80806030
8/12/13,169.111,68593204
8/9/13,169.31,91856453
8/8/13,169.8,102181229
8/7/13,169.18,84854618
8/6/13,169.73,87494967
8/5/13,170.7,54072643
8/2/13,170.95,91116603
8/1/13,170.66,110438393
7/31/13,168.71,142388621
7/30/13,168.588,85216968
7/29/13,168.59,79845115
7/26/13,169.11,107814531
7/25/13,168.93,111156540
7/24/13,168.52,112913979
7/23/13,169.14,80829656
7/22/13,169.5,79428559
7/19/13,169.17,103831633
7/18/13,168.87,103620266
7/17/13,167.95,92873880
7/16/13,167.525,88702093
7/15/13,168.155,69450551
7/12/13,167.51,104212650
7/11/13,167.44,135592163
7/10/13,165.192,121410362
7/9/13,165.13,119297903
7/8/13,163.945,108092440
7/5/13,163.02,122416847
7/3/13,161.28,75216341
7/2/13,161.21,154863617
7/1/13,161.36,131954792
6/28/13,160.42,160402823
6/27/13,161.08,129483673
6/26/13,160.14,134847909
6/25/13,158.575,162262138
6/24/13,157.06,222334758
6/21/13,159.07,271956728
6/20/13,159.4,321255850
6/19/13,163.45,206149463
6/18/13,165.735,114695519
6/17/13,164.44,136295578
6/14/13,163.175,141197468
6/13/13,164.21,163587777
6/12/13,161.75,177363530
6/11/13,163.098,159505378
6/10/13,164.8,105667060
6/7/13,164.8,188337725
6/6/13,162.73,200225418
6/5/13,161.272,211737712
6/4/13,163.56,157631425
6/3/13,164.35,168390676
5/31/13,163.445,176850020
5/30/13,165.83,107793730
5/29/13,165.22,160363334
5/28/13,166.3,143679738
5/24/13,165.308,151573867
5/23/13,165.45,211064320
5/22/13,165.93,244031724
5/21/13,167.17,95804190
5/20/13,166.93,85071182
5/17/13,166.94,129801000
5/16/13,165.34,109913544
5/15/13,166.115,120718433
5/14/13,165.23,119000837
5/13/13,163.54,81843160
5/10/13,163.41,103202902
5/9/13,162.881,106738550
5/8/13,163.34,97419172
5/7/13,162.6,90359178
5/6/13,161.78,66882091
5/3/13,161.368,144202220
5/2/13,159.75,96407564
5/1/13,158.28,138874120
4/30/13,159.68,116010614
4/29/13,159.3,88572702
4/26/13,158.24,95918776
4/25/13,158.52,131060567
4/24/13,157.88,96781189
4/23/13,157.78,166141269
4/22/13,156.17,106553422
4/19/13,155.48,149687552
4/18/13,154.14,167583106
4/17/13,155.11,226834743
4/16/13,157.41,147507796
4/15/13,155.118,217258928
4/12/13,158.8,116359817
4/11/13,159.19,110142479
4/10/13,158.67,135711015
4/9/13,156.75,101922102
4/8/13,156.21,86571104
4/5/13,155.158,159665917
4/4/13,155.86,131884920
4/3/13,155.23,154167332
4/2/13,156.82,101504286
4/1/13,156.05,99194043
3/28/13,156.67,102932783
3/27/13,156.19,99950532
3/26/13,156.19,86856545
3/25/13,154.95,151322280
3/22/13,155.6,111163530
3/21/13,154.359,128604916
3/20/13,155.69,113759222
3/19/13,154.61,167567263
3/18/13,154.97,126704266
3/15/13,155.83,138601089
3/14/13,156.73,126329853
3/13/13,155.905,92550856
3/12/13,155.68,105755706
3/11/13,156.03,83746703
3/8/13,155.44,123487628
3/7/13,154.776,86101309
3/6/13,154.5,94469849
3/5/13,154.29,121663035
3/4/13,152.92,99010157
3/1/13,152.11,170634729
2/28/13,151.61,126865910
2/27/13,151.91,150781872
2/26/13,150.02,186596178
2/25/13,149,245824757
2/22/13,151.89,106356525
2/21/13,150.42,183256921
2/20/13,151.34,160574782
2/19/13,153.25,95105396
2/15/13,152.11,215226408
2/14/13,152.29,80834206
2/13/13,152.151,82322561
2/12/13,152.02,65392613
2/11/13,151.77,73774925
2/8/13,151.8,103133681
2/7/13,150.96,162489974
2/6/13,151.16,138762719
2/5/13,151.05,113912334
2/4/13,149.535,159073559
2/1/13,151.24,131172997
1/31/13,149.7,108975801
1/30/13,150.07,137447625
1/29/13,150.66,105694364
1/28/13,150.07,113357611
1/25/13,150.25,147216088
1/24/13,149.41,146426315
1/23/13,149.37,104596066
1/22/13,149.13,111797291
1/18/13,148.33,169905915
1/17/13,148,133833420
1/16/13,147.05,104849487
1/15/13,147.07,93172559
1/14/13,146.97,89567104
1/11/13,147.07,113917286
1/10/13,147.08,130735372
1/9/13,145.92,90745581
1/8/13,145.55,121265078
1/7/13,145.97,110002444
1/4/13,146.37,116817675
1/3/13,145.734,144761781
1/2/13,146.06,192058911
12/31/12,142.41,243952162
12/28/12,140.03,148806608
12/27/12,141.562,167920546
12/26/12,141.75,106947663
12/24/12,142.35,53874548
12/21/12,142.79,245883785
12/20/12,145.12,168486930
12/19/12,144.29,150895322
12/18/12,145.37,177762727
12/17/12,143.77,143735755
12/14/12,142.105,137701692
12/13/12,142.63,135714940
12/12/12,143.51,145880026
12/11/12,143.44,152570378
12/10/12,142.473,98840667
12/7/12,142.415,108726325
12/6/12,141.98,103220533
12/5/12,141.5,147300444
12/4/12,141.25,127622507
12/3/12,141.45,124656283
11/30/12,142.155,136568288
11/29/12,142.12,151085880
11/28/12,141.46,177086443
11/27/12,140.33,128646177
11/26/12,141.05,100124325
11/23/12,141.35,65409145
11/21/12,139.45,81710736
11/20/12,139.19,119807381
11/19/12,139.13,151495731
11/16/12,136.37,239483819
11/15/12,135.7,178128354
11/14/12,135.93,191504916
11/13/12,137.79,123018209
11/12/12,138.265,97677409
11/9/12,138.16,201055214
11/8/12,138.04,181517243
11/7/12,139.72,264304430
11/6/12,142.96,107068091
11/5/12,141.849,98378432
11/2/12,141.56,137702120
11/1/12,142.83,100995566
10/31/12,141.35,103438492
10/26/12,141.35,146023428
10/25/12,141.43,134457331
10/24/12,141.02,120179305
10/23/12,141.42,192056293
10/22/12,143.41,125578601
10/19/12,143.39,185645112
10/18/12,145.82,148108412
10/17/12,146.2,128834057
10/16/12,145.54,108815410
10/15/12,144.08,107689051
10/12/12,142.89,124181900
10/11/12,143.36,123601455
10/10/12,143.28,124247412
10/9/12,144.2,148872811
10/8/12,145.642,78415562
10/5/12,146.14,124842048
10/4/12,146.125,124311599
10/3/12,145.09,121283027
10/2/12,144.5,113422151
10/1/12,144.345,135911137
9/28/12,143.97,150696066
9/27/12,144.64,111830276
9/26/12,143.295,146502136
9/25/12,144.1,133165138
9/24/12,145.645,95681978
9/21/12,145.87,108737426
9/20/12,146.71,154009764
9/19/12,146.7,128318257
9/18/12,146.62,98326520
9/17/12,146.74,119427726
9/14/12,147.24,169776992
9/13/12,146.59,225470102
9/12/12,144.39,87640880
9/11/12,143.91,88759995
9/10/12,143.51,86458407
9/7/12,144.33,107272023
9/6/12,143.77,158272434
9/5/12,140.91,100660254
9/4/12,141.03,120226199
8/31/12,141.16,151970364
8/30/12,140.49,96589830
8/29/12,141.51,65421300
8/28/12,141.4,75689536
8/27/12,141.54,68785850
8/24/12,141.51,99481192
8/23/12,140.665,111466361
8/22/12,141.82,133243431
8/21/12,141.76,105581009
8/20/12,142.19,78255657
8/17/12,142.18,90813666
8/16/12,141.99,112014164
8/15/12,140.95,71085811
8/14/12,140.79,102379363
8/13/12,140.77,79426869
8/10/12,140.84,99792622
8/9/12,140.61,90291642
8/8/12,140.49,89754633
8/7/12,140.32,109545089
8/6/12,139.62,86327738
8/3/12,139.349,157824975
8/2/12,136.64,199556580
8/1/12,137.59,138293740
7/31/12,137.71,120575835
7/30/12,138.68,106781926
7/27/12,138.675,236768882
7/26/12,136.17,156526464
7/25/12,133.96,129122265
7/24/12,133.925,173301102
7/23/12,135.09,145210831
7/20/12,136.47,142904464
7/19/12,137.73,129847218
7/18/12,137.37,113349636
7/17/12,136.36,138860218
7/16/12,135.43,97525191
7/13/12,135.75,129644147
7/12/12,133.51,143583154
7/11/12,134.16,141734024
7/10/12,134.14,167884796
7/9/12,135.32,103780468
7/6/12,135.49,151192025
7/5/12,136.79,126177419
7/3/12,137.412,80450171
7/2/12,136.51,129524407
6/29/12,136.105,212251060
6/28/12,132.79,169242658
6/27/12,133.173,108087938
6/26/12,131.98,141633945
6/25/12,131.32,146375688
6/22/12,133.46,130029174
6/21/12,132.44,205272317
6/20/12,135.48,206466600
6/19/12,135.7,137382532
6/18/12,134.4,131365459
6/15/12,134.14,169444421
6/14/12,133.47,230616235
6/13/12,132.07,172223884
6/12/12,132.92,181931736
6/11/12,131.415,169756044
6/8/12,133.1,143915630
6/7/12,132.05,184772672
6/6/12,131.97,184202757
6/5/12,129.07,164149384
6/4/12,128.1,202548253
6/1/12,128.16,253244993
5/31/12,131.47,196186175
5/30/12,131.76,162370365
5/29/12,133.7,152883408
5/25/12,132.1,135465568
5/24/12,132.53,167357599
5/23/12,132.27,204958303
5/22/12,132.2,197531138
5/21/12,131.97,177861071
5/18/12,129.74,319631058
5/17/12,130.86,247992908
5/16/12,132.829,207265560
5/15/12,133.34,207629260
5/14/12,134.11,163909908
5/11/12,135.61,153032360
5/10/12,136.02,150600916
5/9/12,135.74,220778190
5/8/12,136.55,213383873
5/7/12,137.1,127765875
5/4/12,137,193931300
5/3/12,139.25,143762703
5/2/12,140.325,121080935
5/1/12,140.74,138837314
4/30/12,139.87,115092198
4/27/12,140.39,123981420
4/26/12,140.16,136292712
4/25/12,139.19,150254995
4/24/12,137.31,137484192
4/23/12,136.79,171844860
4/20/12,137.95,143199560
4/19/12,137.72,198666751
4/18/12,138.61,123884187
4/17/12,139.082,147877575
4/16/12,137.05,147825217
4/13/12,137.14,169246612
4/12/12,138.79,154321489
4/11/12,137,154132907
4/10/12,135.9,235360256
4/9/12,138.22,127555857
4/5/12,139.79,137439344
4/4/12,139.86,146895936
4/3/12,141.26,155806609
4/2/12,141.84,151741045
3/30/12,140.81,135486715
3/29/12,140.23,164963645
3/28/12,140.47,148562025
3/27/12,141.17,119868421
3/26/12,141.61,120163949
3/23/12,139.65,120520956
3/22/12,139.2,135216691
3/21/12,140.21,122388401
3/20/12,140.44,121729639
3/19/12,140.85,125291026
3/16/12,140.3,152893405
3/15/12,140.72,165118448
3/14/12,139.91,145163502
3/13/12,140.062,184090417
3/12/12,137.58,104003471
3/9/12,137.57,122836765
3/8/12,137.04,116968812
3/7/12,135.69,143692128
3/6/12,134.75,202129838
3/5/12,136.75,140764992
3/2/12,137.312,120638224
3/1/12,137.73,145026117
2/29/12,137.02,185934689
2/28/12,137.559,129355808
2/27/12,137.16,145728833
2/24/12,136.93,105539083
2/23/12,136.631,137704236
2/22/12,136.032,124455245
2/21/12,136.47,134042271
2/17/12,136.41,129869401
2/16/12,136.049,186567742
2/15/12,134.56,195195094
2/14/12,135.19,165996154
2/13/12,135.36,115841819
2/10/12,134.361,167907482
2/9/12,135.36,148602826
2/8/12,135.19,139361385
2/7/12,134.79,135528071
2/6/12,134.45,107694459
2/3/12,134.54,160598487
2/2/12,132.68,113090345
2/1/12,132.47,166234457
1/31/12,131.32,157211918
1/30/12,131.37,147311730
1/27/12,131.82,135259033
1/26/12,131.88,184880478
1/25/12,132.56,198613161
1/24/12,131.46,103083260
1/23/12,131.61,129295759
1/20/12,131.54,138230146
1/19/12,131.46,126328814
1/18/12,130.77,163395122
1/17/12,129.34,132209191
1/13/12,128.84,179836140
1/12/12,129.51,118983646
1/11/12,129.2,111540673
1/10/12,129.13,115281921
1/9/12,128.02,99530109
1/6/12,127.71,148049929
1/5/12,128.04,173894933
1/4/12,127.7,127186456
1/3/12,127.495,193697825
12/30/11,125.5,95598996
12/29/11,126.12,123507123
12/28/11,124.83,119107005
12/27/11,126.49,86075701
12/23/11,126.39,92187159
12/22/11,125.27,119465303
12/21/11,124.17,194230879
12/20/11,123.93,225418075
12/19/11,120.29,183902965
12/16/11,121.59,220481303
12/15/11,122.185,199109123
12/14/11,121.74,238618786
12/13/11,123.05,245159708
12/12/11,124.21,215826054
12/9/11,126.05,209111336
12/8/11,123.95,240862724
12/7/11,126.73,237802476
12/6/11,126.26,178842040
12/5/11,126.22,225263845
12/2/11,124.86,221109692
12/1/11,124.97,176954756
11/30/11,124.99,324439457
11/29/11,120.05,199241491
11/28/11,119.71,210686012
11/25/11,116.34,99556980
11/23/11,116.56,224531653
11/22/11,119.19,216494841
11/21/11,119.661,229611599
11/18/11,121.979,215580353
11/17/11,122.105,331219799
11/16/11,124.08,235782466
11/15/11,126.083,184709388
11/14/11,125.46,159258229
11/11/11,126.66,189924327
11/10/11,124.32,231866470
11/9/11,123.161,337981970
11/8/11,127.88,224426217
11/7/11,126.26,196617175
11/4/11,125.481,249401512
11/3/11,126.25,280849123
11/2/11,123.99,245529375
11/1/11,122.002,416565738
10/31/11,125.5,228146632
10/28/11,128.6,225906497
10/27/11,128.63,393288897
10/26/11,124.3,289053783
10/25/11,123.049,268596749
10/24/11,125.49,203215563
10/21/11,123.97,278999360
10/20/11,121.66,262075598
10/19/11,121.13,226601263
10/18/11,122.58,318857857
10/17/11,120.23,202311559
10/14/11,122.57,211397567
10/13/11,120.51,212538802
10/12/11,120.75,281544827
10/11/11,119.7,209087953
10/10/11,119.58,230666207
10/7/11,115.71,312657900
10/6/11,116.49,257800742
10/5/11,114.42,284107995
10/4/11,112.34,459177456
10/3/11,109.93,365136777
9/30/11,113.15,288685511
9/29/11,116.05,298108816
9/28/11,115.145,286696748
9/27/11,117.54,311753819
9/26/11,116.24,260673617
9/23/11,113.54,307242488
9/22/11,112.86,513920097
9/21/11,116.63,316251215
9/20/11,120.17,218932124
9/19/11,120.31,241516921
9/16/11,121.521,284528213
9/15/11,121.43,326777105
9/14/11,119.37,319389428
9/13/11,117.74,272514654
9/12/11,116.67,305793438
9/9/11,115.92,380195064
9/8/11,119.04,250568194
9/7/11,120.29,209803113
9/6/11,116.99,285142737
9/2/11,117.85,255517200
9/1/11,120.94,254585844
8/31/11,122.22,301828304
8/30/11,121.68,241315666
8/29/11,121.36,190977185
8/26/11,117.97,314495833
8/25/11,116.28,312365337
8/24/11,118.08,246869675
8/23/11,116.44,331136599
8/22/11,112.73,275090591
8/19/11,112.64,428281241
8/18/11,114.51,512956218
8/17/11,119.67,238201070
8/16/11,119.59,294095199
8/15/11,120.62,258810580
8/12/11,118.12,313731600
8/11/11,117.33,487979673
8/10/11,112.29,662607378
8/9/11,117.48,717828611
8/8/11,112.26,702263849
8/5/11,120.08,655561584
8/4/11,120.26,520721783
8/3/11,126.17,371029415
8/2/11,125.49,346653757
8/1/11,128.78,325790824
7/29/11,129.33,307042469
7/28/11,130.22,207939900
7/27/11,130.6,249020022
7/26/11,133.33,131278113
7/25/11,133.83,136653703
7/22/11,134.58,126019327
7/21/11,134.49,245270290
7/20/11,132.65,137145310
7/19/11,132.73,166554896
7/18/11,130.61,196872076
7/15/11,131.69,220124620
7/14/11,130.93,226111747
7/13/11,131.84,204062545
7/12/11,131.4,214675640
7/11/11,131.97,195918544
7/8/11,134.4,194171492
7/7/11,135.36,170464164
7/6/11,133.97,143332679
7/5/11,133.81,165935968
7/1/11,133.92,202385636
6/30/11,131.97,223496512
6/29/11,130.72,244295405
6/28/11,129.61,165556257
6/27/11,127.94,168908174
6/24/11,126.81,226129358
6/23/11,128.301,334286827
6/22/11,128.67,176886453
6/21/11,129.45,193157234
6/20/11,127.7,159478911
6/17/11,127.05,234996065
6/16/11,127.3,308038426
6/15/11,127.02,300957945
6/14/11,129.32,160570345
6/13/11,127.7,207599751
6/10/11,127.6,238629307
6/9/11,129.4,160964350
6/8/11,128.42,198696304
6/7/11,128.96,161805954
6/6/11,129.045,179951146
6/3/11,130.42,234690124
6/2/11,131.73,200466729
6/1/11,131.87,233094277
5/31/11,134.9,164731167
5/27/11,133.51,120921858
5/26/11,133,164984594
5/25/11,132.39,151102185
5/24/11,131.95,147200295
5/23/11,132.06,168799987
5/20/11,133.61,182638302
5/19/11,134.68,119584847
5/18/11,134.36,135228138
5/17/11,133.17,192852310
5/16/11,133.19,141770642
5/13/11,134.04,157499081
5/12/11,135.08,171648128
5/11/11,134.44,193745610
5/10/11,135.87,114886994
5/9/11,134.72,114134435
5/6/11,134.2,222951264
5/5/11,133.61,227065699
5/4/11,134.83,182821163
5/3/11,135.73,138445808
5/2/11,136.22,126310033
4/29/11,136.43,115094350
4/28/11,136.11,124865764
4/27/11,135.67,143104801
4/26/11,134.791,146658425
4/25/11,133.64,65760002
4/21/11,133.78,136214509
4/20/11,133.1,156473001
4/19/11,131.31,124321889
4/18/11,130.56,210908208
4/15/11,132.04,170146610
4/14/11,131.56,161271236
4/13/11,131.46,162172967
4/12/11,131.47,161480682
4/11/11,132.46,121518486
4/8/11,132.86,148014798
4/7/11,133.32,170973204
4/6/11,133.66,120453617
4/5/11,133.24,121083840
4/4/11,133.26,100773342
4/1/11,133.15,154038917
3/31/11,132.59,132756530
3/30/11,132.77,135895860
3/29/11,131.86,129844555
3/28/11,130.98,109839083
3/25/11,131.3,155769995
3/24/11,130.9,159238287
3/23/11,129.66,148648724
3/22/11,129.29,129743412
3/21/11,129.74,154065282
3/18/11,127.76,230654390
3/17/11,127.85,254521638
3/16/11,126.175,469160630
3/15/11,128.56,359794831
3/14/11,130.05,235607778
3/11/11,130.84,225758504
3/10/11,129.938,301665703
3/9/11,132.39,153903463
3/8/11,132.58,174706407
3/7/11,131.43,216888931
3/4/11,132.47,277371473
3/3/11,133.47,176485166
3/2/11,131.21,200277834
3/1/11,130.93,258582270
2/28/11,133.15,141600773
2/25/11,132.33,141693837
2/24/11,130.93,260467041
2/23/11,131.02,227610100
2/22/11,131.83,233116375
2/18/11,134.53,130002330
2/17/11,134.25,109810420
2/16/11,133.85,130183448
2/15/11,133.01,119575387
2/14/11,133.43,101691100
2/11/11,133.11,137716436
2/10/11,132.321,162708478
2/9/11,132.269,146436606
2/8/11,132.57,99072704
2/7/11,131.97,112439030
2/4/11,131.15,134634710
2/3/11,130.78,145886611
2/2/11,130.485,118323602
2/1/11,130.74,167194214
1/31/11,128.68,149249105
1/28/11,127.72,295637223
1/27/11,129.99,123302633
1/26/11,129.67,141281439
1/25/11,129.17,167552153
1/24/11,129.1,113715455
1/21/11,128.37,151462880
1/20/11,128.08,175745603
1/19/11,128.25,151958324
1/18/11,129.52,114401252
1/14/11,129.3,117677857
1/13/11,128.368,129229132
1/12/11,128.58,107929135
1/11/11,127.43,110286968
1/10/11,126.98,122401644
1/7/11,127.14,156034587
1/6/11,127.39,122518970
1/5/11,127.64,133975250
1/4/11,126.98,137409675
1/3/11,127.05,138725191
12/31/10,125.75,91270271
12/30/10,125.72,76616846
12/29/10,125.92,58033036
12/28/10,125.83,55309010
12/27/10,125.65,58125974
12/23/10,125.6,70079275
12/22/10,125.78,78878090
12/21/10,125.39,94965438
12/20/10,124.6,119085459
12/17/10,124.3,141075278
12/16/10,124.82,185035177
12/15/10,124.098,160823010
12/14/10,124.67,147249532
12/13/10,124.56,133812609
12/10/10,124.48,117571625
12/9/10,123.76,123705049
12/8/10,123.28,138019177
12/7/10,122.83,206580946
12/6/10,122.76,103050459
12/3/10,122.89,151288823
12/2/10,122.56,191213570
12/1/10,121.01,221037149
11/30/10,118.493,233930639
11/29/10,119.162,223642224
11/26/10,118.8,76007704
11/24/10,120.2,140159033
11/23/10,118.448,222308913
11/22/10,120.19,181592166
11/19/10,120.29,156852807
11/18/10,119.958,197723674
11/17/10,118.218,172308826
11/16/10,118.16,300331917
11/15/10,120.03,163940710
11/12/10,120.198,239068789
11/11/10,121.635,158017547
11/10/10,122.1,221387386
11/9/10,121.61,186621575
11/8/10,122.49,155901614
11/5/10,122.725,180654096
11/4/10,122.26,215039313
11/3/10,119.95,226702775
11/2/10,119.475,158345856
11/1/10,118.53,174074708
10/29/10,118.49,144305475
10/28/10,118.4,168575989
10/27/10,118.38,190023965
10/26/10,118.72,158982885
10/25/10,118.7,151145700
10/22/10,118.347,108212321
10/21/10,118.13,221546107
10/20/10,117.87,200051747
10/19/10,116.73,280604682
10/18/10,118.28,141502179
10/15/10,117.7,243704938
10/14/10,117.46,217764255
10/13/10,117.92,194347147
10/12/10,117.01,182209984
10/11/10,116.65,103098291
10/8/10,116.538,177760079
10/7/10,115.89,164859971
10/6/10,116.03,148626519
10/5/10,116.04,229634076
10/4/10,113.75,166153198
10/1/10,114.61,174638619
9/30/10,114.13,287106609
9/29/10,114.47,179665724
9/28/10,114.67,209207409
9/27/10,114.27,128799460
9/24/10,114.82,209671704
9/23/10,112.498,202354235
9/22/10,113.42,191322353
9/21/10,113.98,268632440
9/20/10,114.21,214786712
9/17/10,112.49,195836810
9/16/10,113.05,199962858
9/15/10,113.08,168608341
9/14/10,112.65,209823581
9/13/10,112.72,178503456
9/10/10,111.482,127818961
9/9/10,110.92,147017889
9/8/10,110.41,150268927
9/7/10,109.64,141973690
9/3/10,110.89,212197260
9/2/10,109.47,156112147
9/1/10,108.46,267834949
8/31/10,105.31,273933006
8/30/10,105.311,167238558
8/27/10,106.86,272704063
8/26/10,105.23,224492677
8/25/10,105.94,272330717
8/24/10,105.53,280795568
8/23/10,107.124,163490258
8/20/10,107.53,209714149
8/19/10,107.88,265847589
8/18/10,109.79,182922040
8/17/10,109.59,172270222
8/16/10,108.26,147895278
8/13/10,108.31,158698476
8/12/10,108.63,239542543
8/11/10,109.3,273408176
8/10/10,112.375,242916211
8/9/10,112.992,120800381
8/6/10,112.392,239728279
8/5/10,112.85,140473721
8/4/10,112.97,158171627
8/3/10,112.22,146657242
8/2/10,112.76,188263197
7/30/10,110.27,220070531
7/29/10,110.29,220149031
7/28/10,110.83,163056171
7/27/10,111.55,204855535
7/26/10,111.56,182126480
7/23/10,110.41,222020785
7/22/10,109.461,274781292
7/21/10,107.07,264526950
7/20/10,108.48,258162303
7/19/10,107.29,186708979
7/16/10,106.66,282693306
7/15/10,109.68,232337892
7/14/10,109.651,184426719
7/13/10,109.66,213025882
7/12/10,108.03,131283538
7/9/10,107.96,144999850
7/8/10,107.16,210842046
7/7/10,106.108,253769702
7/6/10,102.87,256936431
7/2/10,102.2,233385146
7/1/10,102.76,382924764
6/30/10,103.22,284101670
6/29/10,104.21,373760407
6/28/10,107.53,169333229
6/25/10,107.868,238726472
6/24/10,107.42,268692053
6/23/10,109.23,254698722
6/22/10,109.57,239355313
6/21/10,111.41,213140636
6/18/10,111.729,174006543
6/17/10,112.14,263185740
6/16/10,111.96,216373918
6/15/10,112,238268655
6/14/10,109.509,207196003
6/11/10,109.68,214128107
6/10/10,109.15,317890583
6/9/10,106.05,268023252
6/8/10,106.62,357774294
6/7/10,105.49,264609061
6/4/10,106.82,398475566
6/3/10,110.71,226618259
6/2/10,110.33,240243641
6/1/10,107.53,277909392
5/28/10,109.369,297933434
5/27/10,110.76,300870473
5/26/10,107.17,349719279
5/25/10,107.818,396505132
5/24/10,107.71,269822997
5/21/10,109.115,500909335
5/20/10,107.54,530423626
5/19/10,111.76,394759527
5/18/10,112.4,360595878
5/17/10,113.95,325943991
5/14/10,113.89,345602060
5/13/10,115.99,234456089
5/12/10,117.45,235607027
5/11/10,115.83,317849705
5/10/10,116.16,396159543
5/7/10,111.26,637558734
5/6/10,112.942,647356524
5/5/10,116.82,328973162
5/4/10,117.52,360353366
5/3/10,120.35,182747817
4/30/10,118.813,270000858
4/29/10,120.858,193774904
4/28/10,119.38,300677608
4/27/10,118.48,355853771
4/26/10,121.35,143457213
4/23/10,121.813,177335420
4/22/10,121.02,239188584
4/21/10,120.66,192910086
4/20/10,120.88,157707939
4/19/10,119.81,217947757
4/16/10,119.36,366879697
4/15/10,121.29,144615226
4/14/10,121.19,161608989
4/13/10,119.83,125125040
4/12/10,119.74,110278931
4/9/10,119.55,133006493
4/8/10,118.772,158703990
4/7/10,118.36,184576297
4/6/10,119.04,110384143
4/5/10,118.76,105847602
4/1/10,117.8,161215165
3/31/10,117,161078665
3/30/10,117.4,145772406
3/29/10,117.32,134513501
3/26/10,116.582,205808499
3/25/10,116.65,223396257
3/24/10,116.84,196183319
3/23/10,117.41,182941554
3/22/10,116.593,184477713
3/19/10,115.97,226641098
3/18/10,117.038,196509041
3/17/10,117.1,177468085
3/16/10,116.41,168615539
3/15/10,115.49,146816801
3/12/10,115.46,162074761
3/11/10,115.45,160875844
3/10/10,114.97,186088798
3/9/10,114.46,154556674
3/8/10,114.27,114631139
3/5/10,114.25,176118769
3/4/10,112.641,135770353
3/3/10,112.3,150784940
3/2/10,112.2,160992382
3/1/10,111.89,147709644
2/26/10,110.74,173589231
2/25/10,110.67,259634682
2/24/10,110.82,176350611
2/23/10,109.81,207496924
2/22/10,111.16,132346808
2/19/10,111.14,222684816
2/18/10,110.91,193708529
2/17/10,110.26,168845041
2/16/10,109.74,159317418
2/12/10,108.04,304622008
2/11/10,108.13,223591548
2/10/10,107.01,240511495
2/9/10,107.22,337820408
2/8/10,105.89,224166833
2/5/10,106.66,493585758
2/4/10,106.44,356715612
2/3/10,109.83,172730603
2/2/10,110.38,216327851
2/1/10,109.06,187864905
1/29/10,107.39,310677592
1/28/10,108.57,316103993
1/27/10,109.83,271863580
1/26/10,109.31,211168719
1/25/10,109.77,186937468
1/22/10,109.21,345942402
1/21/10,111.7,344859506
1/20/10,113.89,216490121
1/19/10,115.06,139172635
1/15/10,113.64,212283097
1/14/10,114.93,115783759
1/13/10,114.62,161821927
1/12/10,113.66,163333432
1/11/10,114.73,106375678
1/8/10,114.57,126402764
1/7/10,114.19,131091048
1/6/10,113.71,116074402
1/5/10,113.63,111579866
1/4/10,113.33,118944541
12/31/09,111.44,90637861
12/30/09,112.52,73138357
12/29/09,112.562,80572472
12/28/09,112.72,87508427
12/24/09,112.48,39677470
12/23/09,111.95,111783033
12/22/09,111.73,91707436
12/21/09,111.33,118104223
12/18/09,110.21,174591136
12/17/09,110.18,183390083
12/16/09,111.52,155358104
12/15/09,111.35,120408777
12/14/09,111.87,107141486
12/11/09,111.11,124853988
12/10/09,110.64,137914737
12/9/09,110.021,155063348
12/8/09,109.61,169863654
12/7/09,110.84,127973802
12/4/09,111.01,274907788
12/3/09,110.38,167324826
12/2/09,111.25,132315059
12/1/09,111.3,159613619
11/30/09,109.94,160874797
11/27/09,109.57,126001795
11/25/09,111.38,109564770
11/24/09,110.99,138420046
11/23/09,110.82,148010135
11/20/09,109.43,134195979
11/19/09,109.82,208734520
11/18/09,111.27,156486734
11/17/09,111.339,147134089
11/16/09,111.21,210922108
11/13/09,109.62,150962935
11/12/09,109.03,157144501
11/11/09,110.15,169466161
11/10/09,109.59,171899752
11/9/09,109.57,159495654
11/6/09,107.13,170954088
11/5/09,106.85,180015203
11/4/09,104.92,247996688
11/3/09,104.65,228362523
11/2/09,104.32,254489769
10/30/09,103.56,325608088
10/29/09,106.65,198110571
10/28/09,104.41,248821371
10/27/09,106.42,253266295
10/26/09,106.91,242028169
10/23/09,108.08,240033192
10/22/09,109.33,238443948
10/21/09,108.23,225787463
10/20/09,109.211,180921009
10/19/09,109.79,159530358
10/16/09,108.89,192069345
10/15/09,109.71,173873591
10/14/09,109.31,191421516
10/13/09,107.46,157692668
10/12/09,107.68,118030971
10/9/09,107.26,135008260
10/8/09,106.61,183305731
10/7/09,105.8,159200262
10/6/09,105.51,202491015
10/5/09,104.02,149874949
10/2/09,102.49,224748757
10/1/09,103,281840568
9/30/09,105.59,254382968
9/29/09,106,133733834
9/28/09,106.32,118285775
9/25/09,104.45,204058931
9/24/09,105.01,228636708
9/23/09,106.18,225947337
9/22/09,107.07,143126642
9/21/09,106.45,151891981
9/18/09,106.72,153799032
9/17/09,107.16,229170848
9/16/09,107.32,206406229
9/15/09,105.72,196795897
9/14/09,105.28,149593734
9/11/09,104.77,152383638
9/10/09,104.79,162902370
9/9/09,103.73,154612484
9/8/09,102.94,132909024
9/4/09,102.06,142687808
9/3/09,100.65,143572281
9/2/09,99.82,171804979
9/1/09,100.2,321276728
8/31/09,102.46,176051535
8/28/09,103.38,147024385
8/27/09,103.4,196230012
8/26/09,103.17,194620649
8/25/09,103.16,215310557
8/24/09,102.96,191278905
8/21/09,102.97,224604936
8/20/09,100.99,174131266
8/19/09,99.96,192812731
8/18/09,99.09,173461411
8/17/09,98.31,237892610
8/14/09,100.79,199691264
8/13/09,101.57,176449495
8/12/09,100.8,219052366
8/11/09,99.73,157300973
8/10/09,100.99,130898603
8/7/09,101.202,220684347
8/6/09,99.89,193203766
8/5/09,100.41,184726382
8/4/09,100.7,176714531
8/3/09,100.44,175776845
7/31/09,98.81,207357955
7/30/09,98.67,225575365
7/29/09,97.652,194399284
7/28/09,97.89,186685697
7/27/09,98.35,159259390
7/24/09,98.06,154003013
7/23/09,97.661,258795486
7/22/09,95.55,196067554
7/21/09,95.57,217718237
7/20/09,95.131,164179393
7/17/09,94.13,138561667
7/16/09,94.15,231174490
7/15/09,93.26,220877822
7/14/09,90.61,181555369
7/13/09,90.102,217413403
7/10/09,87.96,173520274
7/9/09,88.17,163777534
7/8/09,88,248050486
7/7/09,88.06,197054382
7/6/09,89.8,174499587
7/2/09,89.81,212309828
7/1/09,92.33,173041091
6/30/09,91.95,228888184
6/29/09,92.7,168481226
6/26/09,91.84,167578971
6/25/09,92.08,279410908
6/24/09,90.118,211577613
6/23/09,89.35,188309715
6/22/09,89.28,251913590
6/19/09,92.04,215655554
6/18/09,92.219,211725057
6/17/09,91.55,223445332
6/16/09,91.64,227318999
6/15/09,92.9,224190426
6/12/09,95.08,184372990
6/11/09,94.82,275414130
6/10/09,94.4,296100341
6/9/09,94.64,225125447
6/8/09,94.16,238565101
6/5/09,94.55,284257858
6/4/09,94.53,210102279
6/3/09,93.65,235403909
6/2/09,94.85,230874413
6/1/09,94.77,276246736
5/29/09,92.53,258641403
5/28/09,90.92,289094940
5/27/09,89.67,246313516
5/26/09,91.3,236318435
5/22/09,89.02,166811890
5/21/09,89.21,258988348
5/20/09,90.51,285608129
5/19/09,91.12,206102165
5/18/09,91.23,242217264
5/15/09,88.71,271502644
5/14/09,89.44,260098610
5/13/09,88.68,269619034
5/12/09,90.97,282431248
5/11/09,91.24,247923537
5/8/09,92.98,299081637
5/7/09,90.86,317800496
5/6/09,92.141,291940993
5/5/09,90.57,243036257
5/4/09,90.88,287119943
5/1/09,87.89,236110289
4/30/09,87.42,301419716
4/29/09,87.39,311505611
4/28/09,85.57,247927845
4/27/09,85.84,289581577
4/24/09,86.66,287702994
4/23/09,85.37,324903639
4/22/09,84.54,340395130
4/21/09,85.06,300478349
4/20/09,83.43,293690096
4/17/09,87.08,262648937
4/16/09,86.5,335202868
4/15/09,85.25,250726037
4/14/09,84.35,276598725
4/13/09,85.83,224847431
4/9/09,85.81,269653423
4/8/09,82.53,230402749
4/7/09,81.65,259071910
4/6/09,83.6,264866540
4/3/09,84.26,284646280
4/2/09,83.43,476230899
4/1/09,81.06,377018284
3/31/09,79.52,364238267
3/30/09,78.79,324108478
3/27/09,81.61,322343625
3/26/09,83.11,422025298
3/25/09,81.45,441995020
3/24/09,80.6,330843985
3/23/09,82.22,420247245
3/20/09,76.71,371165651
3/19/09,78.94,428597138
3/18/09,79.93,473552378
3/17/09,78.18,357075105
3/16/09,75.86,360821360
3/13/09,76.09,337474612
3/12/09,75.5,409818582
3/11/09,72.64,356809978
3/10/09,72.17,406230757
3/9/09,68.11,379907248
3/6/09,68.92,490495181
3/5/09,68.8,485551217
3/4/09,71.73,462763396
3/3/09,70.07,443761154
3/2/09,70.6,426453248
2/27/09,73.93,470568851
2/26/09,75.62,363371321
2/25/09,76.872,462039594
2/24/09,77.48,426412267
2/23/09,74.65,379644668
2/20/09,77.42,477176566
2/19/09,78.181,316869547
2/18/09,79.03,362970111
2/17/09,79.22,478910634
2/13/09,82.76,293998386
2/12/09,83.66,469302192
2/11/09,83.6,324674586
2/10/09,83.11,536212730
2/9/09,87.1,240075116
2/6/09,86.98,366101656
2/5/09,84.57,417679916
2/4/09,83.33,322993929
2/3/09,83.74,278480540
2/2/09,82.58,288488899
1/30/09,82.83,383464165
1/29/09,84.55,294591469
1/28/09,87.39,330317423
1/27/09,84.53,274111851
1/26/09,83.68,318269470
1/23/09,83.11,386800533
1/22/09,82.75,427940436
1/21/09,84.05,364767258
1/20/09,80.57,420108448
1/16/09,85.06,399307014
1/15/09,84.4,533808811
1/14/09,84.37,435967129
1/13/09,87.11,356731781
1/12/09,86.95,278008387
1/9/09,89.09,331160908
1/8/09,91.042,263834401
1/7/09,90.67,281047574
1/6/09,93.47,328481747
1/5/09,92.85,240697608
1/2/09,92.96,227638523
12/31/08,90.24,194141827
12/30/08,88.97,168555662
12/29/08,86.91,128419175
12/26/08,87.16,74775826
12/24/08,86.66,62142421
12/23/08,86.16,221772540
12/22/08,87.06,244192166
12/19/08,88.19,301523386
12/18/08,89.29,374829388
12/17/08,90.99,288101788
12/16/08,91.88,377699953
12/15/08,87.75,256846094
12/12/08,88.99,415140912
12/11/08,87.94,366329668
12/10/08,90.11,396381231
12/9/08,89.5,370862472
12/8/08,91,413016783
12/5/08,87.93,472064235
12/4/08,85.3,444341542
12/3/08,87.32,520103726
12/2/08,85.27,469785220
12/1/08,82.11,370826753
11/28/08,90.09,119905331
11/26/08,88.97,370320441
11/25/08,85.66,454188290
11/24/08,85.03,523462008
11/21/08,79.52,718768573
11/20/08,75.45,814180365
11/19/08,81.5,558809438
11/18/08,87.08,524140602
11/17/08,85.47,415543773
11/14/08,86.62,540352274
11/13/08,91.17,753800996
11/12/08,85.82,454330554
11/11/08,89.77,418596705
11/10/08,92.63,301903186
11/7/08,93.86,380538559
11/6/08,90.86,477982837
11/5/08,96.19,390404104
11/4/08,100.41,346977620
11/3/08,97.11,205566755
10/31/08,96.83,411499930
10/30/08,96.3,414582025
10/29/08,93.08,531381584
10/28/08,93.76,639939456
10/27/08,83.95,400238591
10/24/08,87.04,545812560
10/23/08,91.69,634666348
10/22/08,90.64,516167991
10/21/08,95.86,356501918
10/20/08,98.81,321294111
10/17/08,93.21,476770069
10/16/08,93.77,708811161
10/15/08,90.02,484627451
10/14/08,99.85,546688419
10/13/08,101.35,456904722
10/10/08,88.5,871546886
10/9/08,90.7,534758440
10/8/08,97.51,725787952
10/7/08,100.03,540213491
10/6/08,104.72,610790992
10/3/08,110.34,461832495
10/2/08,111.85,365632407
10/1/08,116.06,333084914
9/30/08,115.99,328510275
9/29/08,111.38,459562289
9/26/08,120.85,285917303
9/25/08,120.79,328252953
9/24/08,118.93,311871169
9/23/08,118.55,328230198
9/22/08,121.31,249966466
9/19/08,124.12,501146907
9/18/08,120.07,776114658
9/17/08,116.61,624095548
9/16/08,122.1,581744246
9/15/08,120.09,483606961
9/12/08,126.09,297851196
9/11/08,125.51,375369319
9/10/08,123.72,298916535
9/9/08,123.22,377326719
9/8/08,126.99,364148821
9/5/08,124.42,289514595
9/4/08,124.03,340438555
9/3/08,127.88,251949709
9/2/08,127.99,252469587
8/29/08,128.79,189209985
8/28/08,130.19,167537065
8/27/08,128.63,171032725
8/26/08,127.39,159117183
8/25/08,127.02,171936874
8/22/08,129.65,167715248
8/21/08,127.8,180609785
8/20/08,127.58,225498123
8/19/08,126.99,194673636
8/18/08,128.39,172275090
8/15/08,130.17,181005385
8/14/08,129.54,239556086
8/13/08,128.57,256467211
8/12/08,129.35,213200792
8/11/08,130.71,249425782
8/8/08,129.37,260811653
8/7/08,127.01,246312455
8/6/08,128.93,209555389
8/5/08,128.36,251624292
8/4/08,124.99,188251720
8/1/08,126.16,248703556
7/31/08,126.83,277402187
7/30/08,128.53,354709945
7/29/08,126.28,261505542
7/28/08,123.64,205202879
7/25/08,125.48,219130985
7/24/08,125.51,248634472
7/23/08,128.17,311698327
7/22/08,127.48,296904155
7/21/08,126.05,222862990
7/18/08,125.98,267030007
7/17/08,125.2,375490518
7/16/08,123.96,371642870
7/15/08,120.99,502502423
7/14/08,122.72,322720839
7/11/08,123.84,481124589
7/10/08,125.3,436475660
7/9/08,124.79,336789772
7/8/08,127.24,376225357
7/7/08,125.02,372427205
7/3/08,126.31,239359650
7/2/08,126.18,291223193
7/1/08,128.38,388621949
6/30/08,127.98,258888157
6/27/08,127.53,303423342
6/26/08,128.23,297774971
6/25/08,131.81,287853822
6/24/08,131.19,267300600
6/23/08,131.45,165115667
6/20/08,131.58,289275675
6/19/08,134.42,304310864
6/18/08,134.25,266970557
6/17/08,135.57,191743789
6/16/08,136.23,185832466
6/13/08,136.15,244727072
6/12/08,134.45,252791740
6/11/08,133.94,284064388
6/10/08,135.94,260234811
6/9/08,136.62,228263864
6/6/08,136.29,384276297
6/5/08,140.78,237867025
6/4/08,138.02,246726346
6/3/08,138.09,272049901
6/2/08,138.9,181069856
5/30/08,140.35,117361933
5/29/08,140,173927173
5/28/08,139.3,181288080
5/27/08,138.66,168322809
5/23/08,137.64,181436189
5/22/08,139.51,170820315
5/21/08,139.49,252724795
5/20/08,141.89,178552026
5/19/08,143.05,165704071
5/16/08,142.66,204236796
5/15/08,142.53,166926993
5/14/08,140.77,181910731
5/13/08,140.48,159141858
5/12/08,140.46,150911417
5/9/08,138.9,152589652
5/8/08,139.16,178321159
5/7/08,139.52,199267237
5/6/08,142.05,179339817
5/5/08,140.83,118510376
5/2/08,141.51,181585519
5/1/08,141.12,187279487
4/30/08,138.26,208395818
4/29/08,139.08,125514035
4/28/08,139.63,105616522
4/25/08,139.6,190788061
4/24/08,138.32,229381367
4/23/08,137.72,193309031
4/22/08,137.94,162166076
4/21/08,138.55,118587402
4/18/08,138.48,218530591
4/17/08,137.05,179707519
4/16/08,136.85,189268809
4/15/08,133.24,172389154
4/14/08,132.93,160521950
4/11/08,133.38,222973288
4/10/08,136.02,192967836
4/9/08,135.83,195610559
4/8/08,136.82,148937266
4/7/08,136.96,154381330
4/4/08,136.89,204473086
4/3/08,137.04,175884744
4/2/08,136.7,210910787
4/1/08,136.61,254547255
3/31/08,131.97,166692100
3/28/08,131.51,180918668
3/27/08,132.78,225153152
3/26/08,133.2,196934212
3/25/08,134.85,192947165
3/24/08,134.72,209110354
3/20/08,132.08,245320642
3/19/08,130.32,345971558
3/18/08,133.63,334416531
3/17/08,128.3,405311065
3/14/08,129.61,484687785
3/13/08,131.65,351881388
3/12/08,131.36,229161103
3/11/08,132.6,341875778
3/10/08,128,235683379
3/7/08,129.71,326434577
3/6/08,131.06,247912112
3/5/08,133.83,270681315
3/4/08,132.99,282513064
3/3/08,133.5,195613597
2/29/08,133.82,252715127
2/28/08,136.87,170831046
2/27/08,138.22,168395790
2/26/08,138.36,212420648
2/25/08,137.33,190106974
2/22/08,135.62,205490992
2/21/08,134.79,201051185
2/20/08,135.92,220709388
2/19/08,135.52,145189997
2/15/08,135.14,154110256
2/14/08,135.17,215207108
2/13/08,136.37,181967779
2/12/08,134.99,256654378
2/11/08,133.75,188576221
2/8/08,133.07,221643475
2/7/08,133.93,297541558
2/6/08,133.05,250792900
2/5/08,134.13,286882428
2/4/08,137.82,124694258
2/1/08,139.58,206843683
1/31/08,137.37,343680718
1/30/08,134.91,334939168
1/29/08,135.91,168968791
1/28/08,135.24,217934538
1/25/08,133.04,269603877
1/24/08,134.99,259949233
1/23/08,133.86,511912974
1/22/08,130.72,435925182
1/18/08,132.06,348561439
1/17/08,133.43,398404809
1/16/08,136.98,378955910
1/15/08,138.17,240456494
1/14/08,141.28,170365600
1/11/08,140.15,267076591
1/10/08,141.29,335701114
1/9/08,140.37,301910852
1/8/08,138.91,326366804
1/7/08,141.19,234990926
1/4/08,141.31,232330819
1/3/08,144.86,125133258
1/2/08,144.93,204935531