Security,XEO Index                                                       ,
Start Date,1/2/08 0:00,
End Date,4/20/18 0:00,
Period,D,
Currency,USD,
,,
Date,PX_LAST,PX_VOLUME
4/20/18,1170.45,355894720
4/19/18,1181.89,245931184
4/18/18,1187.26,213330544
4/17/18,1188.39,226455664
4/16/18,1175.83,235932000
4/13/18,1167.5,228020496
4/12/18,1170.79,242802736
4/11/18,1160.58,211139936
4/10/18,1168.14,273910592
4/9/18,1148.03,273950336
4/6/18,1143.78,285017728
4/5/18,1169.17,236531200
4/4/18,1159.76,276803456
4/3/18,1146.26,292540320
4/2/18,1131.65,351688672
3/29/18,1157.37,362594944
3/28/18,1141.5,342391552
3/27/18,1143.74,339420480
3/26/18,1164.97,347694848
3/23/18,1133.01,350411360
3/22/18,1157.91,332117600
3/21/18,1189.53,263049968
3/20/18,1192.43,269517536
3/19/18,1192.11,296537248
3/16/18,1211.4,756781824
3/15/18,1210.77,224703424
3/14/18,1211.02,260674256
3/13/18,1218.31,256874160
3/12/18,1227.61,243722192
3/9/18,1228.97,249898784
3/8/18,1207.88,216954400
3/7/18,1201.86,238628400
3/6/18,1202.54,228746592
3/5/18,1201.89,256997696
3/2/18,1189.04,294024768
3/1/18,1184.54,334345952
2/28/18,1201.87,340293696
2/27/18,1216.31,278145376
2/26/18,1232.49,261839840
2/23/18,1215.35,214519328
2/22/18,1196.37,225737152
2/21/18,1194.38,275476736
2/20/18,1200.71,237883472
2/16/18,1208.88,294367584
2/15/18,1208.44,246773680
2/14/18,1193.24,278947808
2/13/18,1178.93,234067328
2/12/18,1175.78,342997760
2/9/18,1159.2,474746080
2/8/18,1142.28,430264416
2/7/18,1187.56,355429152
2/6/18,1194.49,544362048
2/5/18,1171.85,497541152
2/2/18,1224.69,341232608
2/1/18,1252.15,282764608
1/31/18,1251.42,350960416
1/30/18,1251.93,264278352
1/29/18,1265.56,251204464
1/26/18,1273.99,276982464
1/25/18,1258.04,251496944
1/24/18,1256.54,286801056
1/23/18,1257.48,251022000
1/22/18,1256.71,284956160
1/19/18,1245.7,374324384
1/18/18,1241.59,285977632
1/17/18,1243.38,324287360
1/16/18,1231.79,361076448
1/12/18,1234.55,273357856
1/11/18,1225.82,214306640
1/10/18,1217.95,236801904
1/9/18,1218.12,217342816
1/8/18,1216.1,225316992
1/5/18,1215.56,241593680
1/4/18,1206.26,235191520
1/3/18,1200.74,242079632
1/2/18,1193.55,224374544
12/29/17,1183.15,225491696
12/28/17,1189.29,123174464
12/27/17,1187.7,144866016
12/26/17,1186.62,136108272
12/22/17,1189.02,186150240
12/21/17,1190.39,239592528
12/20/17,1186.57,239183296
12/19/17,1188.29,248457408
12/18/17,1192.22,262397376
12/15/17,1186.68,755907200
12/14/17,1176.55,240875328
12/13/17,1180.24,246210256
12/12/17,1180.47,268082416
12/11/17,1176.45,228651936
12/8/17,1170.82,213919792
12/7/17,1164.6,230754832
12/6/17,1162.51,239108064
12/5/17,1162.64,282580288
12/4/17,1165.99,316237376
12/1/17,1166.19,310365568
11/30/17,1167.79,461667168
11/29/17,1158.25,293545216
11/28/17,1158.57,239288256
11/27/17,1147.11,208628416
11/24/17,1146.98,90041328
11/22/17,1144.5,172209248
11/21/17,1144.85,225126848
11/20/17,1136.2,197361584
11/17/17,1135.35,255866288
11/16/17,1139.91,220897856
11/15/17,1130.74,241594608
11/14/17,1136.74,250096304
11/13/17,1140.82,225826512
11/10/17,1140.39,220076208
11/9/17,1142.07,223438176
11/8/17,1145.43,225056000
11/7/17,1144.14,229240064
11/6/17,1143.77,239101376
11/3/17,1143.41,234411088
11/2/17,1139.47,249998352
11/1/17,1140.13,229153792
10/31/17,1136.83,268801056
10/30/17,1136.75,256246272
10/27/17,1140.09,307523424
10/26/17,1127.48,262347488
10/25/17,1127.44,269813536
10/24/17,1131.82,229956352
10/23/17,1130.15,241533376
10/20/17,1135.26,316748640
10/19/17,1130.71,214960688
10/18/17,1131.78,178505088
10/17/17,1130.97,189925840
10/16/17,1129.29,180134816
10/13/17,1126.16,226108720
10/12/17,1125.04,226605968
10/11/17,1128.89,218265280
10/10/17,1126.49,187184992
10/9/17,1123.61,177965200
10/6/17,1125.03,186615328
10/5/17,1126.5,197351136
10/4/17,1119.21,176432512
10/3/17,1119.35,171991056
10/2/17,1116.74,194832240
9/29/17,1112.19,236027504
9/28/17,1108.71,197227168
9/27/17,1107.37,226501520
9/26/17,1103.21,198082976
9/25/17,1103.6,259669120
9/22/17,1106.61,208002784
9/21/17,1106.39,195421600
9/20/17,1110.16,235995472
9/19/17,1109.26,207238032
9/18/17,1106.26,211614304
9/15/17,1105.11,646854336
9/14/17,1103.66,217470592
9/13/17,1104.88,199107792
9/12/17,1103.03,226152816
9/11/17,1098.54,221878160
9/8/17,1086.98,216921856
9/7/17,1090.41,239247648
9/6/17,1090.44,229157712
9/5/17,1086.74,247621152
9/1/17,1095.25,181717792
8/31/17,1093.78,323192512
8/30/17,1087.93,182689472
8/29/17,1083.41,168328160
8/28/17,1081.17,176818672
8/25/17,1080.02,177700592
8/24/17,1078.68,187068128
8/23/17,1081.27,175722560
8/22/17,1085.24,180835920
8/21/17,1074.72,200379648
8/18/17,1073.52,255604032
8/17/17,1076.11,229303456
8/16/17,1092.58,191672576
8/15/17,1091.76,173285696
8/14/17,1092.05,188938352
8/11/17,1081.8,182765632
8/10/17,1079.89,223367664
8/9/17,1095.14,188275936
8/8/17,1095.22,182632288
8/7/17,1097.21,175729792
8/4/17,1095.42,206465744
8/3/17,1092.9,193623104
8/2/17,1094.92,229635952
8/1/17,1092.41,221781840
7/31/17,1088.94,289005280
7/28/17,1089.53,213233648
7/27/17,1092.25,289591616
7/26/17,1091.47,220470288
7/25/17,1090.07,233153776
7/24/17,1086.82,230348128
7/21/17,1087.74,253473568
7/20/17,1089.26,230453808
7/19/17,1089.21,183324352
7/18/17,1083.95,182040080
7/17/17,1082.45,180685120
7/14/17,1083.13,191171152
7/13/17,1078.41,194783792
7/12/17,1075.97,205735408
7/11/17,1068.81,187599360
7/10/17,1069.62,178374688
7/7/17,1068.65,185326544
7/6/17,1062.75,222280000
7/5/17,1072.77,216041792
7/3/17,1070.5,159238640
6/30/17,1067.71,261827072
6/29/17,1066.68,268479840
6/28/17,1075.74,217202688
6/27/17,1066.36,227478176
6/26/17,1075.26,195533552
6/23/17,1075.43,393851840
6/22/17,1073.88,227251952
6/21/17,1074.44,213129920
6/20/17,1074.69,215682864
6/19/17,1081.24,216653232
6/16/17,1071.85,617005568
6/15/17,1071.66,212097728
6/14/17,1074,224873904
6/13/17,1074.64,219578624
6/12/17,1070.71,300469952
6/9/17,1071.9,293772352
6/8/17,1073.04,257707776
6/7/17,1073.47,215488864
6/6/17,1071.62,204394176
6/5/17,1074,172682688
6/2/17,1074.36,248134544
6/1/17,1069.74,220756576
5/31/17,1062.91,383392320
5/30/17,1064.26,188829184
5/26/17,1065.35,162180768
5/25/17,1064.93,203924704
5/24/17,1060.76,188682912
5/23/17,1058.53,191046864
5/22/17,1055.52,216243968
5/19/17,1050.79,307808640
5/18/17,1044.44,264202176
5/17/17,1040.68,319284864
5/16/17,1060.79,193627488
5/15/17,1060.92,209775984
5/12/17,1056.81,200608032
5/11/17,1057.24,205967040
5/10/17,1059.1,186268960
5/9/17,1060.62,194476384
5/8/17,1062.69,203723888
5/5/17,1061.26,189191344
5/4/17,1058.42,218072448
5/3/17,1058.31,231610608
5/2/17,1058.27,240683312
5/1/17,1057.31,208929008
4/28/17,1054.86,263004928
4/27/17,1055.27,225975248
4/26/17,1054.4,227991744
4/25/17,1055.4,242404272
4/24/17,1048.53,240811872
4/21/17,1037.07,278584224
4/20/17,1040.46,245771328
4/19/17,1033.34,210864512
4/18/17,1036.52,194924592
4/17/17,1039.14,182999680
4/13/17,1030.4,196964304
4/12/17,1037.83,211378400
4/11/17,1040.38,194991040
4/10/17,1042.72,174581776
4/7/17,1042.68,180896496
4/6/17,1043.66,212493360
4/5/17,1043.71,220375824
4/4/17,1047.21,174458080
4/3/17,1045.53,242655776
3/31/17,1046.06,261692112
3/30/17,1049.18,194443120
3/29/17,1045.69,174388720
3/28/17,1045.34,229643840
3/27/17,1038.09,236296144
3/24/17,1039.08,245345120
3/23/17,1040.47,225523344
3/22/17,1042.23,254526096
3/21/17,1041.26,305305792
3/20/17,1053.44,201346432
3/17/17,1055.34,688518528
3/16/17,1057.82,214675056
3/15/17,1058.61,223621168
3/14/17,1051.43,176251184
3/13/17,1054.22,182643136
3/10/17,1055.02,227939776
3/9/17,1052.01,211342688
3/8/17,1050.22,235774128
3/7/17,1051.92,196730912
3/6/17,1054.01,208570704
3/3/17,1056.84,202512960
3/2/17,1056.12,212752160
3/1/17,1061.21,276651136
2/28/17,1046.55,298339424
2/27/17,1048.34,197788176
2/24/17,1047.81,234703184
2/23/17,1047.1,211089808
2/22/17,1045.14,217244528
2/21/17,1045.23,249537840
2/17/17,1039.23,305999648
2/16/17,1037.56,224427904
2/15/17,1037.59,250765088
2/14/17,1032.13,239280480
2/13/17,1026.74,211159168
2/10/17,1020.67,206083440
2/9/17,1017.54,219087776
2/8/17,1012.46,221932800
2/7/17,1012.9,211414096
2/6/17,1012.1,208370288
2/3/17,1013.69,239100944
2/2/17,1006.15,254025856
2/1/17,1006.33,269897280
1/31/17,1004.46,289107200
1/30/17,1006.94,234326400
1/27/17,1012.93,230341200
1/26/17,1013.12,254458064
1/25/17,1013.24,259977712
1/24/17,1004.99,241742288
1/23/17,1000.5,237574368
1/20/17,1003.04,356104512
1/19/17,1000.11,206975168
1/18/17,1003.85,216742416
1/17/17,1003.17,265935408
1/13/17,1006.59,216442160
1/12/17,1004.98,200916160
1/11/17,1006.93,242630336
1/10/17,1004.49,241227232
1/9/17,1005.65,225359792
1/6/17,1008.15,208944224
1/5/17,1004.14,219782976
1/4/17,1003.87,237357472
1/3/17,1000.6,262499488
12/30/16,991.43,254833968
12/29/16,996.29,144527488
12/28/16,997.11,161867264
12/27/16,1003.97,126583824
12/23/16,1002.52,125030376
12/22/16,1001.91,197328240
12/21/16,1003.3,183730160
12/20/16,1005.98,215583712
12/19/16,1002.33,211485632
12/16/16,999.89,625304832
12/15/16,1001.8,267950880
12/14/16,997.75,322348032
12/13/16,1004.39,257269968
12/12/16,996.57,273926464
12/9/16,996.02,249786512
12/8/16,988.08,266084000
12/7/16,986.6,314847904
12/6/16,974.27,217236400
12/5/16,971.19,261221584
12/2/16,966.28,246885728
12/1/16,966.61,316218656
11/30/16,968.84,442297376
11/29/16,971.99,240878560
11/28/16,970.73,245889440
11/25/16,975.25,117951400
11/23/16,971.09,215274144
11/22/16,971.38,243048896
11/21/16,970.18,223470144
11/18/16,963.13,280812320
11/17/16,965.62,236384080
11/16/16,961.39,243209520
11/15/16,962.28,294871968
11/14/16,955.34,356832032
11/11/16,958.68,319152480
11/10/16,960.4,470468768
11/9/16,959.46,483364128
11/8/16,947.52,225596160
11/7/16,944.35,249041280
11/4/16,923.84,255157440
11/3/16,926.63,241079200
11/2/16,931.69,250635760
11/1/16,938.36,263337568
10/31/16,943.87,273839392
10/28/16,945.32,292745120
10/27/16,949.99,266834384
10/26/16,951.21,226576528
10/25/16,952.8,215308320
10/24/16,954.7,237498176
10/21/16,949.66,305554656
10/20/16,949.12,236771904
10/19/16,950.01,230644304
10/18/16,949.1,196358176
10/17/16,944.3,202552624
10/14/16,946.89,241203712
10/13/16,946.42,226906752
10/12/16,949.62,186098912
10/11/16,949.04,240321040
10/10/16,959.02,191680800
10/7/16,955.09,224455888
10/6/16,956.83,210922544
10/5/16,956.56,215602640
10/4/16,952.48,227706576
10/3/16,956.16,206649520
9/30/16,958.68,362442656
9/29/16,950.92,256849120
9/28/16,960.06,234286352
9/27/16,955.65,225568560
9/26/16,948.76,233585072
9/23/16,957.95,216458656
9/22/16,963.2,204265552
9/21/16,957.25,242344848
9/20/16,948.77,199311248
9/19/16,947.35,217307296
9/16/16,948.8,644288576
9/15/16,952.6,259627040
9/14/16,943.29,270152896
9/13/16,943.33,280065600
9/12/16,956.2,290907968
9/9/16,942.62,329120288
9/8/16,964.34,210336384
9/7/16,966.12,205913312
9/6/16,966.84,256184320
9/2/16,963.67,201601632
9/1/16,960.24,224355376
8/31/16,960.08,277384224
8/30/16,961.78,205491328
8/29/16,963.55,185105104
8/26/16,959.06,214061376
8/25/16,959.81,183722608
8/24/16,961.46,192474144
8/23/16,965.39,189291216
8/22/16,964.15,186787216
8/19/16,964.8,232682768
8/18/16,967.08,196764512
8/17/16,966.49,202123952
8/16/16,964.56,189653504
8/15/16,968.82,165434432
8/12/16,966.51,169238944
8/11/16,967.66,188308992
8/10/16,963.78,174038528
8/9/16,966.93,165090960
8/8/16,965.98,202297936
8/5/16,966.92,247062208
8/4/16,958.94,182169424
8/3/16,958.83,217100160
8/2/16,957.12,246272592
8/1/16,961.79,225029200
7/29/16,961.75,290295648
7/28/16,959.6,257279792
7/27/16,958.59,281346080
7/26/16,957.09,226648640
7/25/16,959.17,208161280
7/22/16,962.29,229676864
7/21/16,959.08,244817568
7/20/16,962.44,229455424
7/19/16,958.42,231314976
7/18/16,958.71,223804992
7/15/16,955.92,305512704
7/14/16,956.63,240762256
7/13/16,951.02,217197168
7/12/16,950.99,244439760
7/11/16,945.64,221455904
7/8/16,942.25,255954272
7/7/16,929.34,228158192
7/6/16,929.84,258557904
7/5/16,924.71,280177216
7/1/16,929.68,225962960
6/30/16,928.13,370532384
6/29/16,916.82,281979584
6/28/16,902.36,312216352
6/27/16,887.38,397583456
6/24/16,900.51,617969088
6/23/16,932.58,226775120
6/22/16,920.82,224053712
6/21/16,922.05,224258816
6/20/16,919.27,250503232
6/17/16,914.95,560979072
6/16/16,919.54,225474128
6/15/16,915.73,235884064
6/14/16,918.46,238844448
6/13/16,919.45,245995008
6/10/16,926.75,237851840
6/9/16,933.58,185894368
6/8/16,935.27,191152064
6/7/16,932.23,214852640
6/6/16,931.9,209105968
6/3/16,927.46,244847024
6/2/16,929.94,213231504
6/1/16,928.1,223130464
5/31/16,927.65,371017984
5/27/16,929.49,190743216
5/26/16,926.16,182079952
5/25/16,926.3,224912864
5/24/16,919.19,225107568
5/23/16,906.99,213690448
5/20/16,909.15,274293056
5/19/16,904.24,242164336
5/18/16,907.76,228304368
5/17/16,906.82,274396288
5/16/16,916.3,228593552
5/13/16,907.81,227192688
5/12/16,915.96,225954240
5/11/16,915.62,219103296
5/10/16,924.4,200996688
5/9/16,912.54,217749696
5/6/16,912.1,223762016
5/5/16,908.8,224875824
5/4/16,909.44,252999776
5/3/16,915,256814064
5/2/16,922.35,234537888
4/29/16,915.02,374460224
4/28/16,918.85,288940416
4/27/16,926.62,282452320
4/26/16,926.96,243689920
4/25/16,927.48,216276688
4/22/16,928.35,310879424
4/21/16,931.04,272505120
4/20/16,934.55,252688064
4/19/16,933.66,236878640
4/18/16,930.14,235674336
4/15/16,923.97,292365280
4/14/16,925.6,239256944
4/13/16,924.29,270040384
4/12/16,915.5,226831152
4/11/16,906.57,250608992
4/8/16,909.03,217558704
4/7/16,907.23,242928368
4/6/16,918.21,242831280
4/5/16,908.59,269016224
4/4/16,917.12,223374496
4/1/16,919.33,278253152
3/31/16,912.93,260430944
3/30/16,915.75,212693456
3/29/16,911.22,235372160
3/28/16,903.87,190051936
3/24/16,904.06,253255008
3/23/16,903.95,234414272
3/22/16,908.9,245691312
3/21/16,909.72,227455216
3/18/16,907.88,750126976
3/17/16,904.69,298511360
3/16/16,899.09,287639904
3/15/16,895.49,230470704
3/14/16,895.41,233654960
3/11/16,896.55,293884352
3/10/16,883.47,296260288
3/9/16,883.89,276710432
3/8/16,879.75,295622240
3/7/16,887.58,262557792
3/4/16,887.86,323939520
3/3/16,885.73,257568976
3/2/16,884.18,288967616
3/1/16,881.01,313555232
2/29/16,859.44,350906368
2/26/16,866.94,280933856
2/25/16,869.61,244653568
2/24/16,860.15,281237504
2/23/16,857.1,263247072
2/22/16,868.77,275794624
2/19/16,857.25,354282432
2/18/16,857.16,315066272
2/17/16,861.75,368064512
2/16/16,848.39,381540992
2/12/16,835.89,359137088
2/11/16,820.61,462951232
2/10/16,829.61,354557376
2/9/16,830.97,370456704
2/8/16,832.17,443870720
2/5/16,839.77,369727872
2/4/16,854.91,371067936
2/3/16,854.6,421474848
2/2/16,851.09,344482144
2/1/16,866.62,306693952
1/29/16,868.34,562014336
1/28/16,847.84,366891648
1/27/16,839.84,362832320
1/26/16,850.03,308092224
1/25/16,838.72,339278752
1/22/16,851.34,369979456
1/21/16,834.34,384861248
1/20/16,829.78,509365088
1/19/16,840.52,398011136
1/15/16,839.89,586382272
1/14/16,859.77,409739712
1/13/16,844.08,400846496
1/12/16,865.21,328395936
1/11/16,858.07,333014016
1/8/16,855.58,350714304
1/7/16,864.48,410228864
1/6/16,886.78,310564832
1/5/16,897.66,265049712
1/4/16,896.54,373462208
12/31/15,911.43,226091200
12/30/15,920.77,147619536
12/29/15,927.4,170943472
12/28/15,917.15,153434512
12/24/15,918.84,106728008
12/23/15,920.75,227389296
12/22/15,910.44,232739600
12/21/15,902.97,267005104
12/18/15,896.05,768324992
12/17/15,913.77,295080608
12/16/15,927.77,324168800
12/15/15,914.09,307355680
12/14/15,904.43,349747360
12/11/15,898.49,327456256
12/10/15,916.84,272227232
12/9/15,914.38,325272224
12/8/15,921.18,290324000
12/7/15,927.76,267626784
12/4/15,933.77,350480352
12/3/15,914.07,315039584
12/2/15,927.02,263544960
12/1/15,936.69,259881392
11/30/15,926.44,352411392
11/27/15,931.53,102994920
11/25/15,931.35,182139984
11/24/15,931.93,260640016
11/23/15,931.04,261203168
11/20/15,932.99,311438592
11/19/15,929.98,240297664
11/18/15,930.9,271882912
11/17/15,915.45,304467584
11/16/15,916.5,290966336
11/13/15,903.04,301394816
11/12/15,914.3,260543568
11/11/15,926.96,222054000
11/10/15,929.09,256225648
11/9/15,928.25,300028576
11/6/15,937.57,290089760
11/5/15,936.54,265272640
11/4/15,938,274285984
11/3/15,941.18,239768848
11/2/15,937.7,248259248
10/30/15,926.74,362462880
10/29/15,933.09,234308368
10/28/15,933.57,297505824
10/27/15,922.59,294507520
10/26/15,924.24,279389184
10/23/15,925.72,357210560
10/22/15,911.67,363389440
10/21/15,895.57,267830496
10/20/15,899.63,246487120
10/19/15,901.87,280370496
10/16/15,901.24,334792992
10/15/15,896.52,301128000
10/14/15,882.25,282647872
10/13/15,886.88,260432496
10/12/15,891.91,204475072
10/9/15,890.85,272946912
10/8/15,889.78,256844768
10/7/15,882.95,287627648
10/6/15,876.03,290423616
10/5/15,877.75,309794208
10/2/15,862.27,357030336
10/1/15,850.35,288530432
9/30/15,848.26,379753728
9/29/15,832.55,332341504
9/28/15,831.65,359076736
9/25/15,851.9,319264864
9/24/15,852.34,330425216
9/23/15,854.81,225322432
9/22/15,856.24,318769568
9/21/15,865.77,254793200
9/18/15,861.37,924975616
9/17/15,875.52,335002656
9/16/15,878.47,276025152
9/15/15,871.53,246270240
9/14/15,859.75,247430352
9/11/15,863.01,265842464
9/10/15,859.15,305166944
9/9/15,853.41,291803584
9/8/15,866.03,310968736
9/4/15,844.77,316510816
9/3/15,858.37,272854848
9/2/15,858.7,325314080
9/1/15,841.77,413118720
8/31/15,868.22,353573792
8/28/15,875.58,327658976
8/27/15,875.38,436894752
8/26/15,854.69,511121216
8/25/15,819.58,508970208
8/24/15,830.79,665137024
8/21/15,864.77,533569056
8/20/15,895.2,327079200
8/19/15,914.48,260481968
8/18/15,922.24,196265184
8/17/15,924.98,181039456
8/14/15,920.75,195598240
8/13/15,917.37,228090096
8/12/15,918.97,302382112
8/11/15,917.65,261303328
8/10/15,927.47,240394624
8/7/15,916.32,225715568
8/6/15,919.47,269170592
8/5/15,927.25,252420800
8/4/15,925.22,232575648
8/3/15,928.59,232838048
7/31/15,931.13,276125920
7/30/15,934.67,220542880
7/29/15,934.78,261818240
7/28/15,928.01,291626240
7/27/15,916.65,319035968
7/24/15,921.21,291739296
7/23/15,931.26,264662704
7/22/15,937.16,284126656
7/21/15,941.1,257890832
7/20/15,945.61,216753536
7/17/15,943.27,287953248
7/16/15,938.97,243398848
7/15/15,930.78,255369712
7/14/15,929.94,211886816
7/13/15,925.26,231853824
7/10/15,914.3,225414544
7/9/15,902.71,255913344
7/8/15,900.8,169427248
7/7/15,915.56,275768064
7/6/15,910.78,239545104
7/2/15,913.77,209703808
7/1/15,914.15,223188576
6/30/15,908.26,322917344
6/29/15,906.17,279671392
6/26/15,925,409585696
6/25/15,925.19,215614048
6/24/15,928.22,256967072
6/23/15,934.97,211001568
6/22/15,933.43,209898768
6/19/15,927.63,613012928
6/18/15,933.16,270471840
6/17/15,923.95,237349360
6/16/15,922.23,192960736
6/15/15,916.85,238836144
6/12/15,921.48,218356320
6/11/15,928.47,240874992
6/10/15,926.9,242834432
6/9/15,915.23,223656768
6/8/15,914.39,238820608
6/5/15,919.9,257929552
6/4/15,922.16,237512992
6/3/15,930.12,206862992
6/2/15,927.17,210811712
6/1/15,928.16,219678928
5/29/15,926.11,326770976
5/28/15,932.52,178192256
5/27/15,933.38,241416960
5/26/15,924.55,279392832
5/22/15,934.08,203120528
5/21/15,936.8,213091744
5/20/15,934.43,207071264
5/19/15,935.37,215848656
5/18/15,935.2,197961168
5/15/15,933.12,264931536
5/14/15,932.89,221496256
5/13/15,922.41,205438592
5/12/15,922.43,213227696
5/11/15,925.3,202137552
5/8/15,930.69,241373760
5/7/15,917.17,229182832
5/6/15,913.65,250354448
5/5/15,918.54,242732448
5/4/15,928.88,205056240
5/1/15,926.09,228116368
4/30/15,916.29,311927232
4/29/15,926.18,263659024
4/28/15,928.86,273661536
4/27/15,925.6,278609376
4/24/15,928.53,273181120
4/23/15,924.58,296571232
4/22/15,922.85,231339472
4/21/15,917.05,222708992
4/20/15,919.14,238987376
4/17/15,909.87,335065344
4/16/15,920.73,233515696
4/15/15,921.39,274705536
4/14/15,916.22,212083728
4/13/15,914.72,262205312
4/10/15,918.67,231206304
4/9/15,912.62,214279296
4/8/15,907.58,212540176
4/7/15,906.26,196057168
4/6/15,907.01,239270464
4/2/15,901.1,214065312
4/1/15,898.17,261701648
3/31/15,901.99,298019296
3/30/15,911.15,234301904
3/27/15,900.19,255726048
3/26/15,899.43,293485152
3/25/15,901.51,269438208
3/24/15,915.73,234636848
3/23/15,921.37,233485936
3/20/15,922.49,752311360
3/19/15,914.82,263277600
3/18/15,919.94,318081056
3/17/15,909.58,225582512
3/16/15,912.95,253944992
3/13/15,901.49,276996640
3/12/15,907,277971712
3/11/15,896.43,263607728
3/10/15,899.27,314434816
3/9/15,915.87,235655856
3/6/15,912,333603968
3/5/15,924.22,219457216
3/4/15,924.14,219278416
3/3/15,927.68,219010800
3/2/15,931.75,236115440
2/27/15,925.47,291976960
2/26/15,928.74,240968032
2/25/15,929.43,224302528
2/24/15,930.21,221479216
2/23/15,926.53,233062656
2/20/15,926.63,288724480
2/19/15,921.34,218171248
2/18/15,923.17,203502336
2/17/15,924.98,270841920
2/13/15,923.43,242197728
2/12/15,919.69,288060192
2/11/15,910.98,245451680
2/10/15,909.73,260138400
2/9/15,900.71,228194144
2/6/15,904.06,275281632
2/5/15,906.02,247828352
2/4/15,897.12,302301632
2/3/15,900.92,317344384
2/2/15,888.31,302639360
1/30/15,875.8,435686016
1/29/15,886.36,313758720
1/28/15,877.46,324657824
1/27/15,888.99,298857312
1/26/15,904.51,236480320
1/23/15,903.14,262634352
1/22/15,908.88,317596960
1/21/15,894.5,257176384
1/20/15,891.61,302954336
1/16/15,889.8,369262784
1/15/15,878.33,288582304
1/14/15,887.36,332480960
1/13/15,892.93,290397056
1/12/15,895.24,254443504
1/9/15,902.13,250097696
1/8/15,909.87,287424640
1/7/15,893.6,266938272
1/6/15,883.96,289486400
1/5/15,891.04,316248224
1/2/15,907.5,208438368
12/31/14,908.38,208492992
12/30/14,918.12,138516352
12/29/14,922.19,157083488
12/26/14,922.48,139381232
12/24/14,919.37,112653984
12/23/14,919.96,240769744
12/22/14,918.57,287042592
12/19/14,915.23,785278208
12/18/14,911.51,328385664
12/17/14,888.67,314276320
12/16/14,871.68,328702496
12/15/14,879.66,318892032
12/12/14,885.88,321155360
12/11/14,901.19,245089472
12/10/14,897.62,302032256
12/9/14,911.77,255988960
12/8/14,912.98,267007088
12/5/14,919.66,235408672
12/4/14,917.75,214873808
12/3/14,918.62,248661728
12/2/14,916.58,230723744
12/1/14,910.74,256194368
11/28/14,916.24,204765808
11/26/14,918.38,182258320
11/25/14,915.24,251271680
11/24/14,916.73,230570672
11/21/14,914.78,345002368
11/20/14,910.46,198875536
11/19/14,908.8,204340016
11/18/14,910.04,219706064
11/17/14,906.58,209964240
11/14/14,906.83,205914592
11/13/14,906.4,222885296
11/12/14,904.75,212647024
11/11/14,905.17,170187392
11/10/14,904.35,217990400
11/7/14,901.57,223510064
11/6/14,900.95,213498064
11/5/14,897.99,229558272
11/4/14,893.69,227422880
11/3/14,895.17,226578528
10/31/14,895.79,332396416
10/30/14,886.06,243160160
10/29/14,881.17,262177264
10/28/14,882.13,251826720
10/27/14,872.24,210382128
10/24/14,873.33,251277344
10/23/14,867.6,265439312
10/22/14,857.28,282433632
10/21/14,862.76,282098208
10/20/14,847.67,259466784
10/17/14,840.94,396926784
10/16/14,829.72,390820960
10/15/14,831.64,462323456
10/14/14,840.04,322489376
10/13/14,840.53,300420000
10/10/14,853.36,374201440
10/9/14,862.58,275821760
10/8/14,879.89,291906432
10/7/14,864.72,223448896
10/6/14,878.09,190358432
10/3/14,878.77,245748352
10/2/14,869.07,230578432
10/1/14,869.36,280052608
9/30/14,881.25,296000128
9/29/14,882.37,198614064
9/26/14,885.25,203361776
9/25/14,877.46,264429904
9/24/14,892.73,228213952
9/23/14,886.3,230898032
9/22/14,891.09,223585072
9/19/14,897.09,732662336
9/18/14,896.48,229688032
9/17/14,891.67,223328560
9/16/14,889.95,199076096
9/15/14,883.41,201189840
9/12/14,883.07,240871424
9/11/14,887.29,192759648
9/10/14,886.71,210651232
9/9/14,882.34,228470144
9/8/14,887.73,193925776
9/5/14,890.48,224731088
9/4/14,886.18,198461424
9/3/14,887.5,184352896
9/2/14,888.48,177187120
8/29/14,889.08,207010224
8/28/14,886.61,148356848
8/27/14,888.72,166191456
8/26/14,888.41,147542912
8/25/14,887.17,169069248
8/22/14,882.79,183639792
8/21/14,884.81,202150960
8/20/14,881.29,176257776
8/19/14,879.72,180886032
8/18/14,875.67,191933440
8/15/14,868.27,281253984
8/14/14,868.74,151668096
8/13/14,865.42,170973776
8/12/14,859.3,161954816
8/11/14,860.2,184061792
8/8/14,857.89,211604320
8/7/14,849.1,221375120
8/6/14,853.54,224453088
8/5/14,853.28,223744800
8/4/14,861.98,209351056
8/1/14,855.45,241302784
7/31/14,858.84,270326336
7/30/14,876.78,213707200
7/29/14,876.58,207463056
7/28/14,880.2,195457712
7/25/14,879.88,194585120
7/24/14,884.51,229789264
7/23/14,884.49,230667488
7/22/14,882.39,205051088
7/21/14,877.76,194925072
7/18/14,879.49,299098656
7/17/14,870.69,273622400
7/16/14,880.45,276525664
7/15/14,875.76,273446304
7/14/14,876.99,188067808
7/11/14,871.9,179873744
7/10/14,870.31,185220960
7/9/14,873.62,183818928
7/8/14,869.43,217031088
7/7/14,875.87,178107136
7/3/14,878.14,168998400
7/2/14,873.29,171002560
7/1/14,871.41,194205568
6/30/14,865.47,242585920
6/27/14,866.54,340994496
6/26/14,864.88,179956816
6/25/14,865.96,218031024
6/24/14,860.9,220692960
6/23/14,866.69,187117968
6/20/14,866.15,608321024
6/19/14,865.39,212516192
6/18/14,864.62,201863536
6/17/14,858.11,177458416
6/16/14,857.18,199548608
6/13/14,857.19,227333056
6/12/14,854.47,214535120
6/11/14,861.29,173762080
6/10/14,864.67,188478576
6/9/14,863.63,203118432
6/6/14,862.32,208835088
6/5/14,858.86,188789536
6/4/14,853.11,177084848
6/3/14,851.86,169340528
6/2/14,852.38,153901952
5/30/14,852.69,256835232
5/29/14,850.89,159857216
5/28/14,846.35,173078064
5/27/14,847.38,224334064
5/23/14,842.59,164222496
5/22/14,839.41,166154688
5/21/14,838.01,186373648
5/20/14,830.88,188799776
5/19/14,835.65,197535392
5/16/14,832.32,296107328
5/15/14,829.38,260213680
5/14/14,837.33,190375936
5/13/14,841.06,180891328
5/12/14,839.97,197512432
5/9/14,832.96,205712400
5/8/14,831.59,211366912
5/7/14,832,246342400
5/6/14,827.06,208415584
5/5/14,835.15,185315808
5/2/14,833.86,211171792
5/1/14,835.41,206254880
4/30/14,836.08,268712672
4/29/14,834.32,221551216
4/28/14,830.26,319898464
4/25/14,825.56,249430256
4/24/14,831.6,248132256
4/23/14,829.56,227116416
4/22/14,831.79,230604128
4/21/14,829.15,204527184
4/17/14,825.68,326553664
4/16/14,824.65,256551776
4/15/14,816.85,281529056
4/14/14,811.4,254862944
4/11/14,804.9,324519488
4/10/14,811.81,313531616
4/9/14,828.58,248552080
4/8/14,819.73,254729888
4/7/14,817.3,316313984
4/4/14,824.58,297289952
4/3/14,834.57,213373728
4/2/14,835.08,211628592
4/1/14,833.14,232002240
3/31/14,828.23,264932048
3/28/14,822.4,222606432
3/27/14,819.43,296394368
3/26/14,820.74,262486336
3/25/14,826.14,235652496
3/24/14,821.35,290087744
3/21/14,823.69,775509056
3/20/14,825.53,229683376
3/19/14,820,236210912
3/18/14,824.66,200797024
3/17/14,818.33,227172816
3/14/14,809.95,229802384
3/13/14,813.41,236679376
3/12/14,822.88,207049856
3/11/14,822.81,215519840
3/10/14,827.1,195459024
3/7/14,826.7,219454304
3/6/14,826.14,227438272
3/5/14,824.63,238218784
3/4/14,824.14,249923760
3/3/14,811.75,237328208
2/28/14,818.24,356696064
2/27/14,815.66,241900432
2/26/14,811.01,231729392
2/25/14,810.8,235390848
2/24/14,812.34,411959520
2/21/14,807.33,334686176
2/20/14,809.88,246015024
2/19/14,805.88,239170528
2/18/14,811.78,260430064
2/14/14,812.57,232705968
2/13/14,808.39,271224320
2/12/14,804.82,219730336
2/11/14,805.74,248633888
2/10/14,796.32,223166656
2/7/14,795.29,282243744
2/6/14,785.21,267297952
2/5/14,776.02,275740192
2/4/14,777.41,300817824
2/3/14,772.29,369495040
1/31/14,789.7,363549760
1/30/14,795.19,276622112
1/29/14,786.9,301257856
1/28/14,795.5,232481824
1/27/14,792.51,322044992
1/24/14,796.28,357386080
1/23/14,812.13,277005504
1/22/14,818.46,235869824
1/21/14,818.82,295806944
1/17/14,817.33,409827360
1/16/14,821.3,229898256
1/15/14,822.5,284953856
1/14/14,816.78,243550512
1/13/14,808.93,286431872
1/10/14,817.95,232189424
1/9/14,817.49,250817072
1/8/14,818.11,265791952
1/7/14,819.63,239027056
1/6/14,815.08,234307536
1/3/14,816.47,195942608
1/2/14,817.05,212420960
12/31/13,823.81,200595472
12/30/13,820.41,151722864
12/27/13,821.25,134307040
12/26/13,821.43,149699600
12/24/13,816.79,90631712
12/23/13,814.52,214645808
12/20/13,809.74,666021696
12/19/13,806.94,255369728
12/18/13,807.11,345740768
12/17/13,793.42,244519664
12/16/13,796.53,249476464
12/13/13,791.56,199800272
12/12/13,792.32,244838048
12/11/13,796.28,259099808
12/10/13,804.15,210379568
12/9/13,807.36,214202896
12/6/13,805.75,238710480
12/5/13,797.16,271381216
12/4/13,801.07,259180144
12/3/13,801.67,252397632
12/2/13,803.62,218332384
11/29/13,806.36,172198384
11/27/13,806.22,170634160
11/26/13,804.12,259257152
11/25/13,804.22,234483120
11/22/13,804.95,202379248
11/21/13,801.82,213241360
11/20/13,796.08,208787696
11/19/13,799.34,202704800
11/18/13,800.15,219887024
11/15/13,802.1,299702944
11/14/13,798.69,261916448
11/13/13,795.6,239097104
11/12/13,789.45,191474480
11/11/13,791.27,158457296
11/8/13,791.03,269175552
11/7/13,780.7,262348816
11/6/13,790.27,234319616
11/5/13,785.69,211295648
11/4/13,787.62,177167760
11/1/13,785.61,247297088
10/31/13,783.39,281696224
10/30/13,786.86,199029680
10/29/13,789.61,207437664
10/28/13,785.27,225156880
10/25/13,783.33,245223232
10/24/13,779.95,218350624
10/23/13,777.08,220954208
10/22/13,780.32,252034016
10/21/13,776.33,230097600
10/18/13,776.21,342499232
10/17/13,770.46,255541472
10/16/13,766.6,233091184
10/15/13,756.37,220220064
10/14/13,761.24,183722768
10/11/13,757.73,209711776
10/10/13,753.02,255409808
10/9/13,737.29,246302560
10/8/13,736.27,247732400
10/7/13,744.82,189272576
10/4/13,750.81,186470912
10/3/13,746.57,211781072
10/2/13,753.13,210597440
10/1/13,753.8,196194416
9/30/13,748.12,292375904
9/27/13,753.51,207157712
9/26/13,756.66,180220160
9/25/13,754.33,207238992
9/24/13,756.88,211822880
9/23/13,760.06,247985584
9/20/13,763.23,660336256
9/19/13,768.72,219245296
9/18/13,769.98,266485792
9/17/13,760.88,196848416
9/16/13,757.64,204652880
9/13/13,754.07,173825424
9/12/13,752.19,196250336
9/11/13,754.13,214041952
9/10/13,752.12,205833920
9/9/13,746.51,182598592
9/6/13,739.53,214038432
9/5/13,739.81,192055760
9/4/13,738.87,227781824
9/3/13,733.31,247038432
8/30/13,730.92,249697008
8/29/13,732.96,172551216
8/28/13,732.02,199472816
8/27/13,729.71,226009744
8/26/13,740.93,201407456
8/23/13,744.04,230671136
8/22/13,740.67,193284400
8/21/13,735.43,213820464
8/20/13,739.59,196879088
8/19/13,738.7,200858048
8/16/13,742.38,288729696
8/15/13,744.57,237484240
8/14/13,754.94,183338704
8/13/13,758.62,170440128
8/12/13,756.08,151736608
8/9/13,756.27,162112112
8/8/13,760.14,198002960
8/7/13,757.84,190120528
8/6/13,760.05,184281312
8/5/13,764.3,157056064
8/2/13,765.7,216409408
8/1/13,763.74,227757920
7/31/13,755.23,292536416
7/30/13,756.31,226306224
7/29/13,756.6,177675056
7/26/13,759.16,208449488
7/25/13,758,222630048
7/24/13,757.42,221250720
7/23/13,758.65,195747056
7/22/13,759.38,238404768
7/19/13,757.51,388710208
7/18/13,757,254041920
7/17/13,754.08,245181616
7/16/13,752.07,207781392
7/15/13,754.01,202422880
7/12/13,752.94,312985920
7/11/13,751.15,261960384
7/10/13,741.57,216712464
7/9/13,742.13,228365504
7/8/13,737.01,252598592
7/5/13,732.91,192455568
7/3/13,725.42,128865912
7/2/13,724.57,237052336
7/1/13,724.36,237224384
6/28/13,720.62,480349472
6/27/13,724.52,233858352
6/26/13,721.04,264064224
6/25/13,714.45,272175232
6/24/13,708.77,311967904
6/21/13,717.58,756274560
6/20/13,715.69,347870880
6/19/13,733.49,235202432
6/18/13,743.12,198115344
6/17/13,737.6,249453008
6/14/13,732.1,210690112
6/13/13,737.25,217225840
6/12/13,727.71,220282400
6/11/13,733.37,217466208
6/10/13,740.85,197121808
6/7/13,740.6,282143360
6/6/13,731.48,294030976
6/5/13,726.4,265641504
6/4/13,736.19,253010512
6/3/13,739.74,284443808
5/31/13,733.63,396747424
5/30/13,744.6,250595904
5/29/13,742.28,229827072
5/28/13,747.09,256540992
5/24/13,742.42,207724512
5/23/13,741.94,275295488
5/22/13,744.21,325027488
5/21/13,748.89,237188784
5/20/13,747.3,226575600
5/17/13,747.72,341288704
5/16/13,740.8,260503232
5/15/13,743.52,251294704
5/14/13,739.74,243994112
5/13/13,733.33,186271168
5/10/13,732.85,200737584
5/9/13,730.42,202779872
5/8/13,733.33,227502624
5/7/13,730.13,219759168
5/6/13,727.15,222598864
5/3/13,725.65,235786000
5/2/13,719.21,194919328
5/1/13,712.79,224932224
4/30/13,718.98,287183584
4/29/13,717.37,201125120
4/26/13,712.4,251452048
4/25/13,712.37,256799712
4/24/13,710.37,260354352
4/23/13,711.89,254471456
4/22/13,704.45,254406720
4/19/13,700.82,392230016
4/18/13,695.1,295796320
4/17/13,700.19,319747168
4/16/13,710.1,249352864
4/15/13,700.65,320177920
4/12/13,715.38,237122576
4/11/13,716.94,252313760
4/10/13,714.74,230596256
4/9/13,705.99,235541536
4/8/13,703.1,205221616
4/5/13,699.49,250079520
4/4/13,702.97,209968880
4/3/13,700.55,253746736
4/2/13,707.05,202540752
4/1/13,702.17,181815232
3/28/13,704.57,302943200
3/27/13,702.9,186725136
3/26/13,703.74,182995392
3/25/13,698.29,254246192
3/22/13,700.57,224146336
3/21/13,694.81,241701440
3/20/13,700.56,238206800
3/19/13,696.91,243893056
3/18/13,698,237631344
3/15/13,701.75,760827392
3/14/13,702.72,231310416
3/13/13,698.62,174389040
3/12/13,698.31,210747232
3/11/13,700.76,189721792
3/8/13,698.27,221859072
3/7/13,695.82,226232320
3/6/13,694.15,218151104
3/5/13,693.27,230623696
3/4/13,686.52,218119664
3/1/13,683.65,238319008
2/28/13,682.53,325243616
2/27/13,683.66,209587856
2/26/13,675.9,252415472
2/25/13,671.75,295087840
2/22/13,683.62,244036528
2/21/13,678.36,261770352
2/20/13,681.95,261611488
2/19/13,689.26,256624160
2/15/13,683.97,376704544
2/14/13,684.94,226062736
2/13/13,684.02,233644448
2/12/13,683.6,210612864
2/11/13,682.75,152592080
2/8/13,683.04,199422528
2/7/13,679.68,235682240
2/6/13,681.03,242104080
2/5/13,681.16,250024160
2/4/13,673.77,253870208
2/1/13,681.74,256861616
1/31/13,674.89,316680480
1/30/13,677.1,238042704
1/29/13,679.84,242038576
1/28/13,676.19,228784896
1/25/13,677.15,267303744
1/24/13,673.97,255020976
1/23/13,675.77,212836720
1/22/13,673.58,272450400
1/18/13,671.37,481817504
1/17/13,669.33,317631776
1/16/13,666.92,229215536
1/15/13,666.04,201824848
1/14/13,666.35,225541472
1/11/13,667.88,226208352
1/10/13,667.59,263913296
1/9/13,662.24,224964000
1/8/13,661.14,244185648
1/7/13,663.09,218618880
1/4/13,664.69,225783200
1/3/13,662.33,262924064
1/2/13,663.87,328113728
12/31/12,646.61,300431680
12/28/12,636.17,196034832
12/27/12,643.58,217460896
12/26/12,644.54,184777616
12/24/12,646.99,111311592
12/21/12,648.96,769448704
12/20/12,655.36,233206400
12/19/12,652.01,287358912
12/18/12,657.48,314276736
12/17/12,650.12,285732160
12/14/12,642.42,250633008
12/13/12,646.27,236522432
12/12/12,650.51,254942816
12/11/12,650.29,246427648
12/10/12,645.66,222141056
12/7/12,645.82,233739216
12/6/12,644.39,241264304
12/5/12,642.09,307578720
12/4/12,641.91,238095840
12/3/12,643.37,246008160
11/30/12,646.39,342276704
11/29/12,646.4,235472704
11/28/12,643.67,259581568
11/27/12,638.46,233554208
11/26/12,642.33,232684496
11/23/12,643.05,120022880
11/21/12,634.42,180727216
11/20/12,632.69,244558752
11/19/12,632.47,269358624
11/16/12,619.03,406634272
11/15/12,616.63,266072976
11/14/12,618.14,318457888
11/13/12,627.02,265111728
11/12/12,630.2,127902184
11/9/12,630.03,263533824
11/8/12,628.56,280623456
11/7/12,636.27,326508576
11/6/12,653.24,224728800
11/5/12,648.1,196585104
11/2/12,646.88,276947264
11/1/12,653.1,274748448
10/31/12,646.52,294032800
10/26/12,646.78,276898688
10/25/12,647.29,237548160
10/24/12,645.76,238512640
10/23/12,646.92,239911408
10/22/12,657.67,233339376
10/19/12,657.11,456007808
10/18/12,668.47,264040000
10/17/12,671.17,268738752
10/16/12,668.7,228175120
10/15/12,662.23,232601040
10/12/12,656.89,226850144
10/11/12,658.28,195829296
10/10/12,659.24,205885264
10/9/12,663.38,213497312
10/8/12,669.82,152075376
10/5/12,672.57,226748912
10/4/12,673.19,211201920
10/3/12,668.69,217454928
10/2/12,666.04,194259584
10/1/12,665.86,218257040
9/28/12,663.8,276171616
9/27/12,667.3,219203920
9/26/12,660.9,242963312
9/25/12,664.56,273660320
9/24/12,670.94,225888912
9/21/12,672.27,787922240
9/20/12,672.65,238958800
9/19/12,672.38,229707184
9/18/12,671.87,227954928
9/17/12,671.87,250659904
9/14/12,672.82,357940448
9/13/12,670.93,284300928
9/12/12,659.33,218211264
9/11/12,658.02,202796304
9/10/12,656.12,227141456
9/7/12,660.41,258959824
9/6/12,658.35,256721136
9/5/12,645.29,204491264
9/4/12,645.55,204978480
8/31/12,646.41,253113360
8/30/12,643.25,177514528
8/29/12,648.64,178351968
8/28/12,648.51,167776112
8/27/12,649,183742144
8/24/12,649.04,190302688
8/23/12,644.71,209636752
8/22/12,649.9,229219856
8/21/12,649.56,236700848
8/20/12,652.23,188727984
8/17/12,651.58,280480416
8/16/12,650.58,216412656
8/15/12,646.13,166571840
8/14/12,645.96,179817952
8/13/12,645.58,151017616
8/10/12,646.22,174731744
8/9/12,644.66,180610784
8/8/12,644.61,177696240
8/7/12,644.25,217074832
8/6/12,642.1,190358928
8/3/12,640.64,238225168
8/2/12,629.43,255269952
8/1/12,634.17,284841632
7/31/12,635.74,268322400
7/30/12,637.36,197904816
7/27/12,637.17,344771680
7/26/12,625.92,282815456
7/25/12,615.92,262602864
7/24/12,616.67,267591392
7/23/12,621.74,274069248
7/20/12,626.57,397446016
7/19/12,632.01,287274848
7/18/12,630.26,252586672
7/17/12,626.39,239180912
7/16/12,621.83,195867744
7/13/12,622.83,230859712
7/12/12,612.65,265582304
7/11/12,615.77,262342496
7/10/12,615.76,228994064
7/9/12,620.19,210096864
7/6/12,620.2,204308912
7/5/12,625.55,207194240
7/3/12,628.63,150401424
7/2/12,625.38,233024720
6/29/12,623.82,397944992
6/28/12,609.05,276324896
6/27/12,610.8,213788112
6/26/12,605.08,239730240
6/25/12,602.09,270928672
6/22/12,611.73,418641280
6/21/12,607.42,301238336
6/20/12,620.24,249733024
6/19/12,620.91,272847456
6/18/12,615.29,234931072
6/15/12,614.84,575948352
6/14/12,609,274311456
6/13/12,602.44,247215744
6/12/12,605.72,241227104
6/11/12,598.73,245203376
6/8/12,605.62,235458800
6/7/12,600.6,275175104
6/6/12,600.13,290600096
6/5/12,586.4,235710272
6/4/12,584.27,277622528
6/1/12,583.83,345510272
5/31/12,597.29,412334624
5/30/12,598.17,262555744
5/29/12,605.65,228923344
5/25/12,599.18,195221696
5/24/12,601.4,270462944
5/23/12,600.55,324235168
5/22/12,600,273472736
5/21/12,599.84,288180448
5/18/12,591.61,483292128
5/17/12,595.89,297429248
5/16/12,603.5,282578496
5/15/12,605.32,299294432
5/14/12,608.6,285080960
5/11/12,615.34,286350656
5/10/12,618.05,298195648
5/9/12,616.13,308259072
5/8/12,620.94,281665952
5/7/12,623.36,228084176
5/4/12,622.73,249851216
5/3/12,632.97,231358944
5/2/12,637.27,218995168
5/1/12,638.84,247678704
4/30/12,635.45,259864640
4/27/12,637.99,240958384
4/26/12,636.79,238288880
4/25/12,632.86,274027136
4/24/12,624.15,266284240
4/23/12,621.42,273921024
4/20/12,626.1,436372864
4/19/12,625.29,306370656
4/18/12,629.83,236169280
4/17/12,632.41,238291088
4/16/12,622.27,257255920
4/13/12,622.64,286501984
4/12/12,631.19,241655408
4/11/12,623.16,249984592
4/10/12,619.14,324039328
4/9/12,629.27,226769648
4/5/12,635.84,262662800
4/4/12,636.19,261772672
4/3/12,642.65,269637184
4/2/12,645.29,237407440
3/30/12,640.68,337543200
3/29/12,638.47,270285152
3/28/12,639.98,280068928
3/27/12,642.41,256067984
3/26/12,644.38,252717760
3/23/12,635.57,266504992
3/22/12,633.77,262779600
3/21/12,637.9,267076192
3/20/12,639.89,258011168
3/19/12,641.11,270791200
3/16/12,637.85,738830016
3/15/12,637.31,325031200
3/14/12,633.86,328113536
3/13/12,633.89,328794784
3/12/12,622.22,220128224
3/9/12,621.3,231055600
3/8/12,619.95,223535008
3/7/12,614.43,300408288
3/6/12,610.56,300184384
3/5/12,619.51,237122368
3/2/12,621.72,201737632
3/1/12,623.16,283930944
2/29/12,619.45,386225728
2/28/12,621.92,249573280
2/27/12,618.86,275195168
2/24/12,617.67,213243568
2/23/12,616.69,264245120
2/22/12,614.53,255352672
2/21/12,616.75,311561088
2/17/12,615.06,443755776
2/16/12,613.24,284573536
2/15/12,606.73,283472704
2/14/12,610.82,252837472
2/13/12,611.54,228784256
2/10/12,607.12,254187520
2/9/12,611.1,296009120
2/8/12,610.38,279055968
2/7/12,608.93,240116976
2/6/12,607.83,241905824
2/3/12,606.89,306490336
2/2/12,598.54,254904224
2/1/12,598.02,316605824
1/31/12,593.83,378032704
1/30/12,594.51,271068960
1/27/12,595.37,323877664
1/26/12,596.62,301496192
1/25/12,599.58,317318784
1/24/12,594.44,268554688
1/23/12,595.89,285466976
1/20/12,595.95,462904640
1/19/12,594.93,306443520
1/18/12,592.52,313796160
1/17/12,586.26,307521440
1/13/12,584.28,314508000
1/12/12,587,268383584
1/11/12,586.02,261675776
1/10/12,585.89,300246560
1/9/12,581.88,266982640
1/6/12,580.53,270497088
1/5/12,582.36,313550176
1/4/12,581.29,293900416
1/3/12,580.56,321578048
12/30/11,570.79,194623744
12/29/11,573.15,181022848
12/28/11,566.96,181000720
12/27/11,573.51,175824944
12/23/11,574,168304960
12/22/11,568.53,304883776
12/21/11,564.09,367924800
12/20/11,563.13,355222912
12/19/11,547.54,266880928
12/16/11,553.61,706474496
12/15/11,551.87,296187264
12/14/11,550.35,328059264
12/13/11,556.38,347100064
12/12/11,560.01,291200320
12/9/11,568.17,291784384
12/8/11,559.17,338034656
12/7/11,570.31,332926848
12/6/11,568.43,284067040
12/5/11,567.4,317230624
12/2/11,561.85,315422176
12/1/11,561.13,289987040
11/30/11,561.96,547458304
11/29/11,538.95,306172032
11/28/11,537.21,383067136
11/25/11,522.27,169924032
11/23/11,524.03,326437376
11/22/11,535.36,303894176
11/21/11,537.24,351684288
11/18/11,547.8,380723488
11/17/11,548.07,363546880
11/16/11,556.18,350051872
11/15/11,565.3,287079616
11/14/11,562.72,247465312
11/11/11,567.79,268675776
11/10/11,557.69,313845376
11/9/11,553.05,385155296
11/8/11,573.03,305888480
11/7/11,566.21,260087152
11/4/11,561.97,278706816
11/3/11,566.31,350661632
11/2/11,556.05,335462752
11/1/11,547.9,459727552
10/31/11,563.37,384717888
10/28/11,577.38,345595936
10/27/11,577.3,521623744
10/26/11,559.44,414699104
10/25/11,553.95,347354304
10/24/11,564.24,331466880
10/21/11,558.47,520248064
10/20/11,549.83,346354816
10/19/11,547.38,364554944
10/18/11,554.59,410672032
10/17/11,544.1,317946272
10/14/11,554.6,291335520
10/13/11,544.92,310279680
10/12/11,546.63,389302912
10/11/11,541.31,299405088
10/10/11,540.88,318523456
10/7/11,523.36,422132576
10/6/11,526.73,403850688
10/5/11,518.27,463386080
10/4/11,509.88,591085056
10/3/11,500.09,506490752
9/30/11,513.37,454542304
9/29/11,525.69,397157344
9/28/11,520.51,351300192
9/27/11,529.82,438596736
9/26/11,524.74,455146304
9/23/11,512.53,453901760
9/22/11,509.56,644036672
9/21/11,526.34,462341120
9/20/11,540.81,334677504
9/19/11,541.44,342631840
9/16/11,546.43,815067200
9/15/11,543.13,358015840
9/14/11,533.76,404638016
9/13/11,527.02,384944288
9/12/11,523.2,400684704
9/9/11,519.54,479046080
9/8/11,533.35,355682944
9/7/11,538.67,340677280
9/6/11,524.83,415330560
9/2/11,528.88,356038560
9/1/11,541.98,355885120
8/31/11,548.01,467969568
8/30/11,545.77,370501184
8/29/11,545.11,338073216
8/26/11,531.51,470388672
8/25/11,524.82,494604448
8/24/11,532.04,438179872
8/23/11,525.48,480656352
8/22/11,508.67,451359168
8/19/11,509.01,657261376
8/18/11,517.11,640514688
8/17/11,539.25,382118976
8/16/11,538.03,404102848
8/15/11,542.82,400372640
8/12/11,531.37,468964032
8/11/11,528.67,773686848
8/10/11,506.61,813361408
8/9/11,531.1,904376384
8/8/11,508.63,964619904
8/5/11,542.48,806962176
8/4/11,541.84,622390272
8/3/11,567.57,441150976
8/2/11,565.03,432735680
8/1/11,578.65,387307008
7/29/11,579.72,453240256
7/28/11,584.27,327145888
7/27/11,586.18,389858976
7/26/11,596.88,309396032
7/25/11,599.41,261530544
7/22/11,602.51,273914848
7/21/11,601.89,385216928
7/20/11,593.64,298871648
7/19/11,593.42,348507296
7/18/11,584.06,322197632
7/15/11,587.72,454171360
7/14/11,584.74,331214304
7/13/11,587.57,316335648
7/12/11,585.3,345245216
7/11/11,588.15,301959936
7/8/11,598.03,282320736
7/7/11,601.81,312026080
7/6/11,595.56,287350016
7/5/11,594.86,265059344
7/1/11,595.25,291312832
6/30/11,587.31,353705664
6/29/11,581.05,340517088
6/28/11,576.11,289794432
6/27/11,569.2,334494176
6/24/11,563.62,557460992
6/23/11,570.73,412311680
6/22/11,572.46,273774368
6/21/11,576.34,303628704
6/20/11,569.59,271612320
6/17/11,567.04,649479936
6/16/11,565.64,391112480
6/15/11,564.13,386527712
6/14/11,573.81,326729952
6/13/11,567.74,331729408
6/10/11,566.53,373182272
6/9/11,574,316348864
6/8/11,569.89,340194080
6/7/11,571.05,363585792
6/6/11,572.8,358478048
6/3/11,578.5,333670496
6/2/11,583.23,343408544
6/1/11,584.26,393699520
5/31/11,597.32,418701056
5/27/11,590.43,251802480
5/26/11,587.93,308679232
5/25/11,586.41,312872736
5/24/11,584.76,317566336
5/23/11,584.82,317607616
5/20/11,591.35,364885728
5/19/11,596.17,318841984
5/18/11,595.02,352467872
5/17/11,590.51,379427776
5/16/11,590.26,369603936
5/13/11,594.2,332706944
5/12/11,598.83,391194720
5/11/11,596.49,385620128
5/10/11,603.24,294786944
5/9/11,599.19,264867776
5/6/11,597.32,383493696
5/5/11,595.38,393195008
5/4/11,602.2,416420768
5/3/11,606.28,403926464
5/2/11,607.06,359276160
4/29/11,608.33,694857408
4/28/11,606.66,381739424
4/27/11,604.67,358994848
4/26/11,600.62,403656992
4/25/11,595.19,281248544
4/21/11,595.8,372010240
4/20/11,593.02,430931424
4/19/11,585.89,357029408
4/18/11,582.5,467810016
4/15/11,588.56,487591424
4/14/11,587.32,347308896
4/13/11,587.7,319720832
4/12/11,588.32,339165216
4/11/11,592.9,279203232
4/8/11,594.43,298749920
4/7/11,596.2,379867712
4/6/11,596.79,416702976
4/5/11,595.08,321952992
4/4/11,595.33,296671392
4/1/11,595.02,344045984
3/31/11,592.72,408738048
3/30/11,594.32,324655552
3/29/11,590.82,290729344
3/28/11,587.05,294414464
3/25/11,587.89,334095264
3/24/11,586.37,340592384
3/23/11,581.5,342299072
3/22/11,579.68,293138912
3/21/11,581.63,411615488
3/18/11,572.93,776370880
3/17/11,570.72,433681632
3/16/11,562.51,594270016
3/15/11,575.2,520249760
3/14/11,581.93,371061632
3/11/11,585.34,364999744
3/10/11,581.73,442246208
3/9/11,592.8,317605920
3/8/11,593.37,388340928
3/7/11,588.1,403709504
3/4/11,592.54,427947040
3/3/11,597.41,425763328
3/2/11,587.65,364764928
3/1/11,587.2,438519616
2/28/11,595.96,471401312
2/25/11,592.25,352058080
2/24/11,587.29,456186624
2/23/11,588.56,538686976
2/22/11,591.37,547817152
2/18/11,602.49,527405472
2/17/11,601.32,319206624
2/16/11,599.82,377885472
2/15/11,596.46,363324000
2/14/11,598.26,332695392
2/11/11,596.6,407502720
2/10/11,593.67,512554688
2/9/11,594.86,375938144
2/8/11,596.27,318743232
2/7/11,593.68,333860384
2/4/11,589.69,319816352
2/3/11,589.1,366944032
2/2/11,587.78,333361376
2/1/11,589.54,411429568
1/31/11,579.23,474977152
1/28/11,575.64,551157952
1/27/11,585.72,373068192
1/26/11,584.88,415261120
1/25/11,583.3,415182656
1/24/11,582.96,382195968
1/21/11,579.55,582295744
1/20/11,577.47,462774976
1/19/11,577.47,438443904
1/18/11,582.34,622428288
1/14/11,582.32,486154240
1/13/11,577.74,389777920
1/12/11,579.17,365737632
1/11/11,573.84,350473248
1/10/11,572.1,364071072
1/7/11,573.38,432520448
1/6/11,574.73,466402368
1/5/11,576,416120640
1/4/11,573.23,427491968
1/3/11,572.23,472700704
12/31/10,565.9,216407856
12/30/10,565.62,169488368
12/29/10,566.78,178484192
12/28/10,566.5,221379904
12/27/10,565.65,179413968
12/23/10,565.43,219424560
12/22/10,565.96,308949056
12/21/10,563.69,288473728
12/20/10,560.54,307326688
12/17/10,559.49,864151936
12/16/10,559.4,402619904
12/15/10,556.23,460609408
12/14/10,558.64,377517184
12/13/10,557.81,410546656
12/10/10,557.27,404086752
12/9/10,553.94,409676032
12/8/10,551.56,486941504
12/7/10,548.78,910567296
12/6/10,548.31,303844608
12/3/10,548.82,342774208
12/2/10,547.52,469146432
12/1/10,541.2,464916192
11/30/10,529.73,565836544
11/29/10,533.43,368350080
11/26/10,533.59,156084240
11/24/10,537.8,330173120
11/23/10,530.65,430812832
11/22/10,538.17,359625344
11/19/10,539.99,521297120
11/18/10,539.04,454941280
11/17/10,530.81,400380992
11/16/10,531.42,578850880
11/15/10,539.62,392632480
11/12/10,540.22,476671872
11/11/10,546.44,522501248
11/10/10,549.72,453375424
11/9/10,547.76,413323680
11/8/10,551.66,360256832
11/5/10,552.7,588723584
11/4/10,550.78,601181888
11/3/10,540.21,432129888
11/2/10,537.54,326976384
11/1/10,533.85,345474176
10/29/10,533.08,415458912
10/28/10,534.27,381473120
10/27/10,533.49,389849184
10/26/10,535.37,381673312
10/25/10,534.88,454891200
10/22/10,534.19,289415488
10/21/10,533.47,411867488
10/20/10,532.44,475092512
10/19/10,526.98,559183360
10/18/10,535.23,477714848
10/15/10,530.78,714146816
10/14/10,530.02,492838304
10/13/10,531.86,635988672
10/12/10,528.54,379395648
10/11/10,526.22,341837632
10/8/10,526.27,369225920
10/7/10,523.39,350252992
10/6/10,524.47,414371040
10/5/10,523.66,524180192
10/4/10,513.31,393471200
10/1/10,517.22,432862112
9/30/10,514.66,514502848
9/29/10,516.31,389858880
9/28/10,518.01,408196256
9/27/10,516.49,343913312
9/24/10,519.34,439257312
9/23/10,509.46,368671456
9/22/10,513.83,388793088
9/21/10,515.53,427229600
9/20/10,516.36,368999040
9/17/10,509.04,922572224
9/16/10,508.93,417927904
9/15/10,508.56,373182816
9/14/10,506.66,398420160
9/13/10,507.57,425867200
9/10/10,502.26,312208768
9/9/10,499.8,356132224
9/8/10,496.78,362611200
9/7/10,493.68,359335296
9/3/10,498.96,395481632
9/2/10,492.5,359675616
9/1/10,489.04,500339264
8/31/10,475.73,668307712
8/30/10,475.35,353232544
8/27/10,481.95,472131712
8/26/10,474.77,397511328
8/25/10,478.67,447110848
8/24/10,477.44,516633216
8/23/10,484.36,369781152
8/20/10,485.86,563515520
8/19/10,488.24,487348832
8/18/10,496.45,394357472
8/17/10,495.68,407358144
8/16/10,490.73,307580160
8/13/10,490.59,329582752
8/12/10,492.57,434462368
8/11/10,495.48,493768896
8/10/10,509,418215520
8/9/10,511.84,323284640
8/6/10,509.46,357737216
8/5/10,511.24,307515584
8/4/10,512.02,364382592
8/3/10,509.85,383034336
8/2/10,511.63,379480064
7/30/10,500.56,450589728
7/29/10,501.02,475726336
7/28/10,502.97,387447424
7/27/10,505.89,423935232
7/26/10,504.91,411556928
7/23/10,499.83,451818176
7/22/10,496.67,477027040
7/21/10,485.96,495853408
7/20/10,491.63,460484800
7/19/10,486.76,411919584
7/16/10,484.21,731616064
7/15/10,498.12,492440096
7/14/10,497.47,458954624
7/13/10,497,479261728
7/12/10,490.08,332031712
7/9/10,488.78,347609440
7/8/10,485.64,452709248
7/7/10,481,510670912
7/6/10,467.12,505109760
7/2/10,463.84,429996416
7/1/10,465.75,641870656
6/30/10,467.65,562121280
6/29/10,472.39,681805632
6/28/10,486.18,409938496
6/25/10,486.62,1019051456
6/24/10,486.67,552121344
6/23/10,494.4,445014304
6/22/10,496.19,424687936
6/21/10,502.86,415539712
6/18/10,504.7,802880128
6/17/10,503.54,455554720
6/16/10,502.6,394567360
6/15/10,502.59,473359872
6/14/10,491.45,409995104
6/11/10,493.02,434822784
6/10/10,491.42,560597120
6/9/10,478.61,772297344
6/8/10,482.3,663695488
6/7/10,476.87,595296768
6/4/10,483.42,675505280
6/3/10,499.16,471266656
6/2/10,498.04,517070272
6/1/10,486.24,553313536
5/28/10,493.06,610335744
5/27/10,499.08,611586432
5/26/10,484.12,794323200
5/25/10,487.97,756926016
5/24/10,488.11,548849856
5/21/10,494.31,1075415040
5/20/10,487.93,850882112
5/19/10,507.23,658686144
5/18/10,509.19,617111744
5/17/10,516.33,567368064
5/14/10,516.19,640748544
5/13/10,525.32,479209600
5/12/10,531.75,506434176
5/11/10,525.55,569714944
5/10/10,527.41,790627904
5/7/10,506.75,994093632
5/6/10,513.8,1111228672
5/5/10,531.47,598664640
5/4/10,534.79,629136384
5/3/10,547.05,419705280
4/30/10,540.28,653031104
4/29/10,548.76,510604288
4/28/10,542.05,652354240
4/27/10,538.13,737213120
4/26/10,550.18,553418176
4/23/10,552.66,542535616
4/22/10,549.36,566212672
4/21/10,550.05,537461504
4/20/10,551.08,488042880
4/19/10,547.99,590354048
4/16/10,544.68,903098688
4/15/10,553.87,554232960
4/14/10,553.02,548237760
4/13/10,546.88,421782400
4/12/10,546.7,352306624
4/9/10,545.46,363121568
4/8/10,542.02,408251424
4/7/10,539.59,464165088
4/6/10,542.48,352708512
4/5/10,541.59,336508544
4/1/10,538.4,372134560
3/31/10,534.91,496435040
3/30/10,536.81,389170816
3/29/10,537.09,406249952
3/26/10,534.81,412549024
3/25/10,534.47,537810368
3/24/10,534.44,434924096
3/23/10,536.97,432504896
3/22/10,532.76,393228288
3/19/10,530.53,970666944
3/18/10,533.03,387478624
3/17/10,532.51,435475744
3/16/10,529.97,473828192
3/15/10,526.39,400062752
3/12/10,525.52,499817024
3/11/10,525.75,441592320
3/10/10,523.47,550010304
3/9/10,521.42,549451392
3/8/10,520.43,391971072
3/5/10,520.45,429051040
3/4/10,514.1,386723040
3/3/10,511.77,384061728
3/2/10,511.27,465157472
3/1/10,510.33,390999840
2/26/10,506.06,510724448
2/25/10,505.3,484938912
2/24/10,507.53,413260832
2/23/10,502.49,435328224
2/22/10,508.28,394938848
2/19/10,508.57,547488960
2/18/10,508.45,410706528
2/17/10,505.27,458309664
2/16/10,503.35,486461920
2/12/10,494.9,596494272
2/11/10,496.58,429779232
2/10/10,492.29,417189376
2/9/10,493.04,531274496
2/8/10,486.85,475775168
2/5/10,491.34,684396288
2/4/10,490.07,673008192
2/3/10,505.19,474873920
2/2/10,507.57,534220160
2/1/10,501.33,450066624
1/29/10,495.09,848547200
1/28/10,499.67,580752192
1/27/10,505.54,614588800
1/26/10,502.64,525725664
1/25/10,504.54,491877184
1/22/10,502.35,710657216
1/21/10,514.13,720744832
1/20/10,524.73,471672832
1/19/10,530.21,490144416
1/15/10,524.11,769613440
1/14/10,529.6,434042848
1/13/10,527.93,435186944
1/12/10,524.29,489914464
1/11/10,528.61,414324224
1/8/10,527.76,438241504
1/7/10,526.34,523185568
1/6/10,524.31,475603168
1/5/10,524.6,505119488
1/4/10,522.73,411566688
12/31/09,514.09,289329792
12/30/09,518.91,258813360
12/29/09,518.75,233954976
12/28/09,519.13,302648608
12/24/09,518.16,131360144
12/23/09,515.44,298603936
12/22/09,515.15,365966944
12/21/09,513.94,460754560
12/18/09,508.73,1829498880
12/17/09,505.71,1109069056
12/16/09,511.97,574628928
12/15/09,512.13,549793792
12/14/09,515.35,440977088
12/11/09,513.66,395315392
12/10/09,511.88,454162240
12/9/09,509.33,463661536
12/8/09,507.03,493531488
12/7/09,512.45,439669312
12/4/09,513.89,745457344
12/3/09,511.98,503899008
12/2/09,515.63,366684000
12/1/09,516.38,431264992
11/30/09,510.74,483178016
11/27/09,508.98,292679040
11/25/09,517.14,299318176
11/24/09,515.8,381206048
11/23/09,516,393182464
11/20/09,508.79,514586080
11/19/09,510.35,441045280
11/18/09,516.54,416491008
11/17/09,516.09,369368544
11/16/09,515.01,492650656
11/13/09,508.08,371599808
11/12/09,505.45,408992704
11/11/09,509.92,377128832
11/10/09,507.27,425708928
11/9/09,506.71,520946496
11/6/09,496.19,415634688
11/5/09,494.63,510615168
11/4/09,485.83,530416256
11/3/09,484.9,563154560
11/2/09,485.15,592516416
10/30/09,482.31,681523776
10/29/09,496.05,554505216
10/28/09,486.5,625498688
10/27/09,494.16,531125888
10/26/09,494.21,623268992
10/23/09,500,593731008
10/22/09,504.84,526072256
10/21/09,500.24,579824768
10/20/09,504.52,518122272
10/19/09,506.75,429339072
10/16/09,502.89,639036352
10/15/09,507.07,581929984
10/14/09,504.88,601099136
10/13/09,496.43,490733376
10/12/09,497.65,403490016
10/9/09,495.15,390414560
10/8/09,492.63,486852064
10/7/09,489.8,412609696
10/6/09,488.23,491327104
10/5/09,481.75,420764352
10/2/09,475.48,558929408
10/1/09,476.71,641778176
9/30/09,488.35,760242752
9/29/09,490.25,423172672
9/28/09,491.69,387106752
9/25/09,484.11,463701248
9/24/09,486.99,501552512
9/23/09,490.36,529811296
9/22/09,494.35,470711520
9/21/09,491.34,444047552
9/18/09,492.7,1116196736
9/17/09,491.16,609868352
9/16/09,491.86,677761600
9/15/09,485.13,643742272
9/14/09,484.52,513966688
9/11/09,482.3,479392704
9/10/09,483.27,721223360
9/9/09,478.95,489038912
9/8/09,476.18,534909056
9/4/09,472.17,395370848
9/3/09,466.12,444338304
9/2/09,462.83,510224480
9/1/09,464.48,693033024
8/31/09,474.73,515096736
8/28/09,477.75,540260608
8/27/09,479.28,492967872
8/26/09,477.95,396795840
8/25/09,477.49,486462080
8/24/09,476.64,522782944
8/21/09,476.11,717137024
8/20/09,467.94,444147936
8/19/09,462.98,424060128
8/18/09,459.62,393952352
8/17/09,455.5,506881152
8/14/09,466.22,482156000
8/13/09,469.18,362014784
8/12/09,466.17,523586368
8/11/09,461.3,479946112
8/10/09,467.21,431058240
8/7/09,468.07,664774528
8/6/09,463.47,622839104
8/5/09,466.21,1113946752
8/4/09,467.31,499971040
8/3/09,466.27,494077824
7/31/09,460.26,757669056
7/30/09,460.06,605705280
7/29/09,455.18,601817664
7/28/09,456.38,544359744
7/27/09,457.34,435523264
7/24/09,456.41,424292128
7/23/09,455.61,590527552
7/22/09,446.28,448638272
7/21/09,447.14,502811712
7/20/09,444.88,476325152
7/17/09,441.14,606627648
7/16/09,440.78,471766016
7/15/09,437.29,619616768
7/14/09,424.59,417293536
7/13/09,422.87,508686912
7/10/09,412.29,366670784
7/9/09,414.15,390107840
7/8/09,413.52,618095936
7/7/09,413.68,439629760
7/6/09,421.52,438638976
7/2/09,420.1,334386496
7/1/09,431.42,364584896
6/30/09,429.66,471962944
6/29/09,433.27,409579200
6/26/09,428.87,621787456
6/25/09,429.51,450842976
6/24/09,421.04,421082624
6/23/09,419.4,484319424
6/22/09,418.32,578124480
6/19/09,430.43,1007513984
6/18/09,429.03,451951616
6/17/09,425.09,531257280
6/16/09,425.67,479514400
6/15/09,430.82,455413600
6/12/09,440.3,340811744
6/11/09,439.25,515148032
6/10/09,436.34,484214976
6/9/09,437.89,416143872
6/8/09,437.35,435341728
6/5/09,437.17,506618464
6/4/09,438.04,539800832
6/3/09,433.4,517879904
6/2/09,437.7,521875232
6/1/09,436.31,565649088
5/29/09,427.56,668364544
5/28/09,422.6,506175520
5/27/09,416.39,509838784
5/26/09,424.26,545819776
5/22/09,414.48,393941856
5/21/09,415.63,633942144
5/20/09,422.12,720894336
5/19/09,424.24,499848480
5/18/09,425.72,541051648
5/15/09,414.23,587970624
5/14/09,418.45,591672704
5/13/09,414.96,700976640
5/12/09,424,653343680
5/11/09,423.11,609205504
5/8/09,431.29,821910976
5/7/09,422.54,839732736
5/6/09,426.98,744945280
5/5/09,419.52,538933440
5/4/09,421.02,655181888
5/1/09,408.48,455455168
4/30/09,406,687744768
4/29/09,406.89,544341632
4/28/09,398.97,475131104
4/27/09,399.78,516255840
4/24/09,402.46,726698176
4/23/09,396.75,629822464
4/22/09,392.73,711752320
4/21/09,397.11,715207360
4/20/09,389.82,766328640
4/17/09,406.33,909358400
4/16/09,405.38,629524160
4/15/09,399.8,660512704
4/14/09,395.31,782890880
4/13/09,402.95,635660480
4/9/09,402.07,772890496
4/8/09,388.55,528533888
4/7/09,385.24,507809408
4/6/09,393.55,508426464
4/3/09,395.85,591854144
4/2/09,393.13,802168896
4/1/09,384.14,635017152
3/31/09,377.35,685815360
3/30/09,372.96,637539264
3/27/09,385.48,543116032
3/26/09,392.83,694830912
3/25/09,385.05,742484480
3/24/09,381.21,632752128
3/23/09,388.73,834874304
3/20/09,363.4,1157712256
3/19/09,370.02,888529792
3/18/09,375.65,930059712
3/17/09,369.34,651768256
3/16/09,358.26,937636096
3/13/09,359.58,763448384
3/12/09,356.71,796096064
3/11/09,342.89,823773184
3/10/09,342.22,1040345216
3/9/09,322.13,709655040
3/6/09,325.12,801756608
3/5/09,324.25,881671552
3/4/09,337.95,814830016
3/3/09,331.57,785939904
3/2/09,333.83,906356864
2/27/09,348.21,1058603008
2/26/09,357.22,606319296
2/25/09,362.23,779244544
2/24/09,365.39,803436416
2/23/09,351.92,701905856
2/20/09,363.75,991936128
2/19/09,368.95,609234944
2/18/09,373.02,561590016
2/17/09,372.74,647479424
2/13/09,389.4,485407296
2/12/09,393.53,629348160
2/11/09,393.33,519903936
2/10/09,390.26,791444864
2/9/09,410.18,525292608
2/6/09,409.43,679896704
2/5/09,398.49,744840640
2/4/09,393.01,627129792
2/3/09,397.31,603716416
2/2/09,391.36,557030656
1/30/09,391.28,624277184
1/29/09,399.51,533002656
1/28/09,412.43,668175424
1/27/09,400.2,498075872
1/26/09,396.62,565097600
1/23/09,394.44,665821440
1/22/09,392.88,737183488
1/21/09,397.63,758646656
1/20/09,381.32,751946304
1/16/09,400.96,783547008
1/15/09,399.1,759280000
1/14/09,400.9,631198976
1/13/09,414.13,567734400
1/12/09,413.47,528169152
1/9/09,421.62,457095872
1/8/09,430.38,459265536
1/7/09,429.84,502623968
1/6/09,442.72,475083936
1/5/09,440.83,481734816
1/2/09,444.52,419303872
12/31/08,431.54,499340512
12/30/08,426.47,340655072
12/29/08,417.46,332788768
12/26/08,418.71,173151936
12/24/08,416.87,138284656
12/23/08,414.51,353858784
12/22/08,418.48,437348928
12/19/08,424.18,1094183040
12/18/08,424.31,544182208
12/17/08,433.81,507704576
12/16/08,439.87,652232448
12/15/08,420.53,465917696
12/12/08,425.22,544283008
12/11/08,422.32,574015936
12/10/08,433.25,485350336
12/9/08,430.24,588471552
12/8/08,441.53,734787328
12/5/08,424.48,698854272
12/4/08,411.26,576344704
12/3/08,423,635583104
12/2/08,412.19,629017600
12/1/08,395.85,662994240
11/28/08,432.89,302379488
11/26/08,428.46,544968384
11/25/08,414.89,739434112
11/24/08,413.54,934064384
11/21/08,389.88,1094631424
11/20/08,367.1,1029284864
11/19/08,392.23,720615424
11/18/08,416.63,721479040
11/17/08,410.91,566820096
11/14/08,421.34,638591616
11/13/08,438.02,911536640
11/12/08,411.15,627548992
11/11/08,433.32,516706816
11/10/08,441.26,476312032
11/7/08,445.94,577591872
11/6/08,433.21,726888448
11/5/08,455.47,557658624
11/4/08,481.64,558662272
11/3/08,463.84,406503168
10/31/08,464.19,682590848
10/30/08,458.62,612265408
10/29/08,449.32,687641792
10/28/08,456.57,786792704
10/27/08,411.9,586670912
10/24/08,423.52,717504576
10/23/08,439.08,730216960
10/22/08,430.3,738453120
10/21/08,456.77,523329088
10/20/08,470.5,541653568
10/17/08,448.99,797689216
10/16/08,453,906093504
10/15/08,434.44,780674560
10/14/08,474.19,853990976
10/13/08,475.51,838952768
10/10/08,427.45,1394075648
10/9/08,432.19,928133312
10/8/08,467.79,989162304
10/7/08,473.61,781529408
10/6/08,502.78,844526976
10/3/08,521.38,640138816
10/2/08,528.49,703155648
10/1/08,545.6,547498624
9/30/08,544.73,729266432
9/29/08,515.52,939116928
9/26/08,565.12,507450112
9/25/08,560.9,488620896
9/24/08,548.29,436724000
9/23/08,549.13,464007136
9/22/08,557.51,519235744
9/19/08,577.91,1292984192
9/18/08,554.02,1039988992
9/17/08,532.03,960611264
9/16/08,559.09,978816448
9/15/08,549.44,824002304
9/12/08,577.71,535917056
9/11/08,578.88,580997568
9/10/08,571.73,491681888
9/9/08,568.98,625215232
9/8/08,587.1,634608128
9/5/08,573.49,452888128
9/4/08,571.42,533657600
9/3/08,589.28,407403584
9/2/08,589.66,425431456
8/29/08,590.83,400668064
8/28/08,599.84,337736640
8/27/08,590.55,282290880
8/26/08,586.5,266900160
8/25/08,584.92,322452256
8/22/08,596.7,314587968
8/21/08,588.89,300015136
8/20/08,587.65,334942176
8/19/08,583.96,367197824
8/18/08,589.81,341185952
8/15/08,598.88,466592384
8/14/08,596.51,356549440
8/13/08,593.47,418727264
8/12/08,596.76,392473760
8/11/08,604.47,409076640
8/8/08,601.05,469318208
8/7/08,586.52,500895072
8/6/08,597.45,459201632
8/5/08,596.26,515835776
8/4/08,578.67,394143904
8/1/08,582.09,440329792
7/31/08,583.91,516822752
7/30/08,592.8,524479744
7/29/08,582.16,518166656
7/28/08,568.35,441608384
7/25/08,580.53,429849856
7/24/08,579.09,529043008
7/23/08,593.02,584485312
7/22/08,588.69,592377536
7/21/08,579.31,448481408
7/18/08,580.57,737461376
7/17/08,580.01,720083456
7/16/08,571.29,645758656
7/15/08,555.99,722781952
7/14/08,561.84,477521280
7/11/08,566.81,608061440
7/10/08,573.81,554858624
7/9/08,569.91,526900992
7/8/08,582.75,608694784
7/7/08,573.76,537619520
7/3/08,578.13,322662784
7/2/08,575.37,522924384
7/1/08,583.95,634854080
6/30/08,581.09,601197952
6/27/08,579.62,686952256
6/26/08,583.38,616724928
6/25/08,601.45,501472800
6/24/08,597.61,482755712
6/23/08,597.28,396252384
6/20/08,597.13,848798976
6/19/08,608.81,491821248
6/18/08,607.34,489223744
6/17/08,613.86,398460320
6/16/08,618.06,473095232
6/13/08,618.86,525962752
6/12/08,610.39,545836992
6/11/08,608.66,536545056
6/10/08,618.99,512847200
6/9/08,619.36,580306560
6/6/08,619.26,628309632
6/5/08,639.15,488685216
6/4/08,627,500476992
6/3/08,627.42,519047296
6/2/08,631.94,444761280
5/30/08,639.15,469795776
5/29/08,638.8,442296992
5/28/08,634.38,455672960
5/27/08,633.03,427208288
5/23/08,628.79,427431296
5/22/08,637.11,458556192
5/21/08,635.32,535582144
5/20/08,645.53,512337408
5/19/08,653.1,427477728
5/16/08,652.15,540001408
5/15/08,652.38,479284768
5/14/08,646.03,444358656
5/13/08,643.31,454819200
5/12/08,644.89,402338496
5/9/08,639.2,375048896
5/8/08,643.93,434179616
5/7/08,641.79,515570912
5/6/08,653.49,454901376
5/5/08,650.39,414895776
5/2/08,653.47,461414912
5/1/08,652.01,538645376
4/30/08,641,551930432
4/29/08,643,451015424
4/28/08,643.93,458777568
4/25/08,644.85,522099200
4/24/08,643.23,561890624
4/23/08,637.75,518944576
4/22/08,635.57,461607808
4/21/08,640.14,415213792
4/18/08,640.6,636538112
4/17/08,628.4,461362752
4/16/08,627.39,560479488
4/15/08,614.95,453204288
4/14/08,611.69,460624320
4/11/08,614.59,545776256
4/10/08,628.87,523973056
4/9/08,625.85,468802816
4/8/08,630.48,451007264
4/7/08,634.17,447716192
4/4/08,632.84,421959104
4/3/08,633.52,432799264
4/2/08,633.36,516416480
4/1/08,635.47,654795456
3/31/08,613.71,577857216
3/28/08,610.31,473895744
3/27/08,614.73,578332672
3/26/08,621.99,572714880
3/25/08,627.96,532307488
3/24/08,628.39,573680064
3/20/08,620.38,1033659840
3/19/08,604.19,721171712
3/18/08,618.64,798996288
3/17/08,593.48,822159936
3/14/08,595.5,796702592
3/13/08,608.19,743758464
3/12/08,606.16,600891456
3/11/08,610.95,780404864
3/10/08,589.15,628932288
3/7/08,596.79,653472640
3/6/08,601.48,625197760
3/5/08,613.73,650353152
3/4/08,611.15,714072768
3/3/08,613.24,567789824
2/29/08,613.62,752371904
2/28/08,630.06,563543744
2/27/08,635.56,550752384
2/26/08,634.78,595335360
2/25/08,630.58,593378624
2/22/08,623.21,599798208
2/21/08,618.97,593601088
2/20/08,625.92,581332032
2/19/08,621.99,542928064
2/15/08,623.85,615117888
2/14/08,623.12,532277920
2/13/08,631.51,533740544
2/12/08,622.86,568677184
2/11/08,617.69,556020160
2/8/08,614.55,587568832
2/7/08,618.18,787517824
2/6/08,614.23,668417344
2/5/08,618.66,707001280
2/4/08,638.43,525985760
2/1/08,646.3,746287552
1/31/08,643.06,871389184
1/30/08,632.36,728646080
1/29/08,634.96,620197440
1/28/08,631.74,615639872
1/25/08,621.53,809863360
1/24/08,632.68,862116032
1/23/08,626.5,1174210176
1/22/08,612.82,1137318528
1/18/08,620.43,1067668288
1/17/08,625.13,897647360
1/16/08,642.77,956818880
1/15/08,647.35,736310400
1/14/08,663.48,541103680
1/11/08,656.03,669058496
1/10/08,665.64,726381824
1/9/08,661.08,745980992
1/8/08,651.02,716579584
1/7/08,662.94,675457984
1/4/08,660.73,657290624
1/3/08,676.12,481268352
1/2/08,675.95,542622336